filename;early_healthy;late_healthy;early_chlorotic;late_chlorotic;necrotic;severity_0;severity_1;severity_2;severity_3
c1.jpg;0;0;0;1;0;0;0;1;0
c2.jpg;0;0;0;1;0;0;0;1;0
c3.jpg;0;0;0;1;0;0;0;1;0
c4.jpg;0;0;0;1;0;0;0;1;0
c5.jpg;0;0;0;1;0;0;0;1;0
c6.jpg;0;0;0;1;0;0;0;1;0
c7.jpg;0;0;0;1;0;0;0;1;0
c8.jpg;0;0;0;1;0;0;0;1;0
c9.jpg;0;0;0;1;0;0;0;1;0
c10.jpg;0;0;0;1;0;0;0;1;0
c11.jpg;0;0;0;1;0;0;0;1;0
c12.jpg;0;0;0;1;0;0;0;1;0
c13.jpg;0;0;0;1;0;0;0;1;0
c14.jpg;0;0;0;1;0;0;0;1;0
c15.jpg;0;0;0;1;0;0;0;1;0
c16.jpg;0;0;0;1;0;0;0;1;0
c17.jpg;0;0;0;1;0;0;0;1;0
c18.jpg;0;0;0;1;0;0;0;1;0
c19.jpg;0;0;0;1;0;0;0;1;0
c20.jpg;0;0;0;1;0;0;0;1;0
c21.jpg;0;0;0;1;0;0;0;1;0
c22.jpg;0;0;0;1;0;0;0;1;0
c23.jpg;0;0;0;1;0;0;0;1;0
c24.jpg;0;0;0;1;0;0;0;1;0
c25.jpg;0;0;0;1;0;0;0;1;0
c26.jpg;0;0;0;1;0;0;0;1;0
c27.jpg;0;0;0;1;0;0;0;1;0
c28.jpg;0;0;0;1;0;0;0;1;0
c29.jpg;0;0;0;1;0;0;0;1;0
c30.jpg;0;0;0;1;0;0;0;1;0
c31.jpg;0;0;0;1;0;0;0;1;0
c32.jpg;0;0;0;1;0;0;0;1;0
c33.jpg;0;0;0;1;0;0;0;1;0
c34.jpg;0;0;0;1;0;0;0;1;0
c35.jpg;0;0;0;1;0;0;0;1;0
c36.jpg;0;0;0;1;0;0;0;1;0
c37.jpg;0;0;0;1;0;0;0;1;0
c38.jpg;0;0;0;1;0;0;0;1;0
c39.jpg;0;0;0;1;0;0;0;0;1
c40.jpg;0;0;0;1;0;0;0;0;1
c41.jpg;0;0;0;1;0;0;0;0;1
c42.jpg;0;0;0;1;0;0;0;0;1
c43.jpg;0;0;0;1;0;0;0;0;1
c44.jpg;0;0;0;1;0;0;0;0;1
c45.jpg;0;0;0;1;0;0;0;0;1
c46.jpg;0;0;0;1;0;0;0;0;1
c47.jpg;0;0;0;1;0;0;0;1;0
c48.jpg;0;0;0;1;0;0;0;0;1
c49.jpg;0;0;0;1;0;0;0;1;0
c50.jpg;0;0;0;1;0;0;0;1;0
c51.jpg;0;0;0;1;0;0;0;1;0
c52.jpg;0;0;0;1;0;0;0;1;0
c53.jpg;0;0;0;1;0;0;0;1;0
c54.jpg;0;0;0;1;0;0;0;1;0
c55.jpg;0;0;0;1;0;0;0;1;0
c56.jpg;0;0;0;1;0;0;0;1;0
c57.jpg;0;0;0;1;0;0;0;1;0
c58.jpg;0;0;0;1;0;0;0;1;0
c59.jpg;0;0;0;1;0;0;0;1;0
c60.jpg;0;0;0;1;0;0;0;1;0
c61.jpg;0;0;0;1;0;0;1;0;0
c62.jpg;0;0;0;1;0;0;0;1;0
c63.jpg;0;0;0;1;0;0;0;1;0
c64.jpg;0;0;0;1;0;0;0;1;0
c65.jpg;0;0;0;1;0;0;0;0;1
c66.jpg;0;0;0;1;0;0;0;0;1
c67.jpg;0;0;0;1;0;0;0;0;1
c68.jpg;0;0;0;1;0;0;0;0;1
c69.jpg;0;0;0;1;0;0;0;0;1
c70.jpg;0;0;0;1;0;0;0;1;0
c71.jpg;0;0;0;1;0;0;0;1;0
c72.jpg;0;0;0;1;0;0;0;1;0
c73.jpg;0;0;0;1;0;0;0;1;0
c74.jpg;0;0;0;1;0;0;0;1;0
c75.jpg;0;0;0;1;0;0;0;1;0
c76.jpg;0;0;0;1;0;0;0;1;0
c77.jpg;0;0;0;1;0;0;1;0;0
c78.jpg;0;0;0;1;0;0;1;0;0
c79.jpg;0;0;0;1;0;0;1;0;0
c80.jpg;0;0;0;1;0;0;1;0;0
c81.jpg;0;0;0;1;0;0;0;1;0
c82.jpg;0;0;0;1;0;0;0;1;0
c83.jpg;0;0;0;1;0;0;0;1;0
c84.jpg;0;0;0;1;0;0;0;1;0
c85.jpg;0;0;0;1;0;0;0;1;0
c86.jpg;0;0;0;1;0;0;0;1;0
c87.jpg;0;0;0;1;0;0;0;1;0
c88.jpg;0;0;0;1;0;0;0;1;0
c89.jpg;0;0;0;1;0;0;0;1;0
c90.jpg;0;0;0;1;0;0;0;1;0
c91.jpg;0;0;0;1;0;0;0;1;0
c92.jpg;0;0;0;1;0;0;0;1;0
c93.jpg;0;0;0;1;0;0;0;1;0
c94.jpg;0;0;0;1;0;0;0;1;0
c95.jpg;0;0;0;1;0;0;0;1;0
c96.jpg;0;0;0;1;0;0;0;1;0
c97.jpg;0;0;0;1;0;0;0;1;0
c98.jpg;0;0;0;1;0;0;0;1;0
c99.jpg;0;0;0;1;0;0;0;1;0
c100.jpg;0;0;0;1;0;0;0;1;0
c101.jpg;0;0;0;1;0;0;0;1;0
c102.jpg;0;0;0;1;0;0;0;1;0
c103.jpg;0;0;0;1;0;0;0;1;0
c104.jpg;0;0;0;1;0;0;0;1;0
c105.jpg;0;0;0;1;0;0;0;1;0
c106.jpg;0;0;0;1;0;0;0;1;0
c107.jpg;0;0;0;1;0;0;0;1;0
c108.jpg;0;0;0;1;0;0;0;1;0
c109.jpg;0;0;0;1;0;0;0;1;0
c110.jpg;0;0;0;1;0;0;0;1;0
c111.jpg;0;0;0;1;0;0;0;1;0
c112.jpg;0;0;0;1;0;0;1;0;0
c113.jpg;0;0;0;1;0;0;1;0;0
c114.jpg;0;0;0;1;0;0;1;0;0
c115.jpg;0;0;0;1;0;0;1;0;0
c116.jpg;0;0;0;1;0;0;1;0;0
c117.jpg;0;0;0;1;0;0;1;0;0
c118.jpg;0;0;0;1;0;0;1;0;0
c119.jpg;0;0;0;1;0;0;1;0;0
c120.jpg;0;0;0;1;0;0;1;0;0
c121.jpg;0;0;0;1;0;0;1;0;0
c122.jpg;0;0;0;1;0;0;1;0;0
c123.jpg;0;0;0;1;0;0;1;0;0
c124.jpg;0;0;0;1;0;0;1;0;0
c125.jpg;0;0;0;1;0;0;1;0;0
c126.jpg;0;0;0;1;0;0;1;0;0
c127.jpg;0;0;0;1;0;0;1;0;0
c128.jpg;0;0;0;1;0;0;1;0;0
c129.jpg;0;0;0;1;0;0;1;0;0
c130.jpg;0;0;0;1;0;0;1;0;0
c131.jpg;0;0;0;1;0;0;1;0;0
c132.jpg;0;0;0;1;0;0;1;0;0
c133.jpg;0;0;0;1;0;0;1;0;0
c134.jpg;0;0;0;1;0;0;1;0;0
c135.jpg;0;0;0;1;0;0;1;0;0
c136.jpg;0;0;0;1;0;0;1;0;0
c137.jpg;0;0;0;1;0;0;1;0;0
c138.jpg;0;0;0;1;0;0;1;0;0
c139.jpg;0;0;0;1;0;0;1;0;0
c140.jpg;0;0;0;1;0;0;1;0;0
c141.jpg;0;0;0;1;0;0;1;0;0
c142.jpg;0;0;0;1;0;0;1;0;0
c143.jpg;0;0;0;1;0;0;1;0;0
c144.jpg;0;0;0;1;0;0;1;0;0
c145.jpg;0;0;0;1;0;0;1;0;0
c146.jpg;0;0;0;1;0;0;1;0;0
c147.jpg;0;0;0;1;0;0;1;0;0
c148.jpg;0;0;0;1;0;0;1;0;0
c149.jpg;0;0;0;1;0;0;1;0;0
c150.jpg;0;0;0;1;0;0;1;0;0
c151.jpg;0;0;0;1;0;0;1;0;0
c152.jpg;0;0;0;1;0;0;1;0;0
c153.jpg;0;0;0;1;0;0;1;0;0
c154.jpg;0;0;0;1;0;0;1;0;0
c155.jpg;0;0;0;1;0;0;1;0;0
c156.jpg;0;0;0;1;0;0;1;0;0
c157.jpg;0;0;0;1;0;0;1;0;0
c158.jpg;0;0;0;1;0;0;1;0;0
c159.jpg;0;0;0;1;0;0;1;0;0
c160.jpg;0;0;0;1;0;0;1;0;0
c161.jpg;0;0;0;1;0;0;1;0;0
c162.jpg;0;0;0;1;0;0;1;0;0
c163.jpg;0;0;0;1;0;0;1;0;0
c164.jpg;0;0;0;1;0;0;1;0;0
c165.jpg;0;0;0;1;0;0;1;0;0
c166.jpg;0;0;0;1;0;0;1;0;0
c167.jpg;0;0;0;1;0;0;1;0;0
c168.jpg;0;0;0;1;0;0;1;0;0
c169.jpg;0;0;0;1;0;0;1;0;0
c170.jpg;0;0;0;1;0;0;1;0;0
c171.jpg;0;0;0;1;0;0;1;0;0
c172.jpg;0;0;0;1;0;0;1;0;0
c173.jpg;0;0;0;1;0;0;1;0;0
c174.jpg;0;0;0;1;0;0;1;0;0
c175.jpg;0;0;0;1;0;0;1;0;0
c176.jpg;0;0;0;1;0;0;0;1;0
c177.jpg;0;0;0;1;0;0;0;1;0
c178.jpg;0;0;0;1;0;0;0;1;0
c179.jpg;0;0;0;1;0;0;0;1;0
c180.jpg;0;0;0;1;0;0;0;1;0
c181.jpg;0;0;0;1;0;0;1;0;0
c182.jpg;0;0;0;1;0;0;0;1;0
c183.jpg;0;0;0;1;0;0;0;1;0
c184.jpg;0;0;0;1;0;0;0;1;0
c185.jpg;0;0;0;1;0;0;0;1;0
c186.jpg;0;0;0;1;0;0;0;1;0
c187.jpg;0;0;0;1;0;0;0;1;0
c188.jpg;0;0;0;1;0;0;1;0;0
c189.jpg;0;0;0;1;0;0;1;0;0
c190.jpg;0;0;0;1;0;0;1;0;0
c191.jpg;0;0;0;1;0;0;1;0;0
c192.jpg;0;0;0;1;0;0;1;0;0
c193.jpg;0;0;0;1;0;0;1;0;0
c194.jpg;0;0;0;1;0;0;1;0;0
c195.jpg;0;0;0;1;0;0;1;0;0
c196.jpg;0;0;0;1;0;0;1;0;0
c197.jpg;0;0;0;1;0;0;1;0;0
c198.jpg;0;0;0;1;0;0;1;0;0
c199.jpg;0;0;0;1;0;0;1;0;0
c200.jpg;0;0;0;1;0;0;0;1;0
c201.jpg;0;0;0;1;0;0;1;0;0
c202.jpg;0;0;0;1;0;0;0;1;0
c203.jpg;0;0;0;1;0;0;0;1;0
c204.jpg;0;0;0;1;0;0;0;1;0
c205.jpg;0;0;0;1;0;0;1;0;0
c206.jpg;0;0;0;1;0;0;1;0;0
c207.jpg;0;0;0;1;0;0;1;0;0
c208.jpg;0;0;0;1;0;0;1;0;0
c209.jpg;0;0;0;1;0;0;1;0;0
c210.jpg;0;0;0;1;0;0;1;0;0
c211.jpg;0;0;0;1;0;0;1;0;0
c212.jpg;0;0;0;1;0;0;1;0;0
c213.jpg;0;0;0;1;0;0;0;1;0
c214.jpg;0;0;0;1;0;0;0;1;0
c215.jpg;0;0;0;1;0;0;0;1;0
c216.jpg;0;0;0;1;0;0;0;1;0
c217.jpg;0;0;0;1;0;0;0;1;0
c218.jpg;0;0;0;1;0;0;0;1;0
c219.jpg;0;0;0;1;0;0;0;1;0
c220.jpg;0;0;0;1;0;0;0;1;0
c221.jpg;0;0;0;1;0;0;0;1;0
c222.jpg;0;0;0;1;0;0;0;1;0
c223.jpg;0;0;0;1;0;0;0;1;0
c224.jpg;0;0;0;1;0;0;0;1;0
c225.jpg;0;0;0;1;0;0;0;1;0
c226.jpg;0;0;0;1;0;0;0;1;0
c227.jpg;0;0;0;1;0;0;0;1;0
c228.jpg;0;0;0;1;0;0;0;1;0
c229.jpg;0;0;0;1;0;0;0;1;0
c230.jpg;0;0;0;1;0;0;1;0;0
c231.jpg;0;0;0;1;0;0;1;0;0
c232.jpg;0;0;0;1;0;0;1;0;0
c233.jpg;0;0;0;1;0;0;1;0;0
c234.jpg;0;0;0;1;0;0;1;0;0
c235.jpg;0;0;0;1;0;0;1;0;0
c236.jpg;0;0;0;1;0;0;1;0;0
c237.jpg;0;0;0;1;0;0;1;0;0
c238.jpg;0;0;0;1;0;0;1;0;0
c239.jpg;0;0;0;1;0;0;1;0;0
c240.jpg;0;0;0;1;0;0;1;0;0
c241.jpg;0;0;0;1;0;0;1;0;0
c242.jpg;0;0;0;1;0;0;1;0;0
c243.jpg;0;0;0;1;0;0;1;0;0
c244.jpg;0;0;0;1;0;0;1;0;0
c245.jpg;0;0;0;1;0;0;1;0;0
c246.jpg;0;0;0;1;0;0;1;0;0
c247.jpg;0;0;0;1;0;0;1;0;0
c248.jpg;0;0;0;1;0;0;1;0;0
c249.jpg;0;0;0;1;0;0;1;0;0
c250.jpg;0;0;0;1;0;0;1;0;0
c251.jpg;0;0;0;1;0;0;1;0;0
c252.jpg;0;0;0;1;0;0;1;0;0
c253.jpg;0;0;0;1;0;0;1;0;0
c254.jpg;0;0;0;1;0;0;1;0;0
c255.jpg;0;0;0;1;0;0;1;0;0
c256.jpg;0;0;0;1;0;0;1;0;0
c257.jpg;0;0;0;1;0;0;1;0;0
c258.jpg;0;0;0;1;0;0;1;0;0
c259.jpg;0;0;0;1;0;0;1;0;0
c260.jpg;0;0;0;1;0;0;1;0;0
c261.jpg;0;0;0;1;0;0;1;0;0
c262.jpg;0;0;0;1;0;0;1;0;0
c263.jpg;0;0;0;1;0;0;1;0;0
c264.jpg;0;0;0;1;0;0;1;0;0
c265.jpg;0;0;0;1;0;0;1;0;0
c266.jpg;0;0;0;1;0;0;1;0;0
c267.jpg;0;0;0;1;0;0;0;1;0
c268.jpg;0;0;0;1;0;0;0;1;0
c269.jpg;0;0;0;1;0;0;0;1;0
c270.jpg;0;0;0;1;0;0;0;1;0
c271.jpg;0;0;0;1;0;0;0;1;0
c272.jpg;0;0;0;1;0;0;0;1;0
c273.jpg;0;0;0;1;0;0;0;1;0
c274.jpg;0;0;0;1;0;0;1;0;0
c275.jpg;0;0;0;1;0;0;1;0;0
c276.jpg;0;0;0;1;0;0;1;0;0
c277.jpg;0;0;0;1;0;0;1;0;0
c278.jpg;0;0;0;1;0;0;1;0;0
c279.jpg;0;0;0;1;0;0;1;0;0
c280.jpg;0;0;0;1;0;0;0;1;0
c281.jpg;0;0;0;1;0;0;0;1;0
c282.jpg;0;0;0;1;0;0;0;1;0
c283.jpg;0;0;0;1;0;0;0;1;0
c284.jpg;0;0;0;1;0;0;0;1;0
c285.jpg;0;0;0;1;0;0;0;1;0
c286.jpg;0;0;0;1;0;0;0;1;0
c287.jpg;0;0;0;1;0;0;1;0;0
c288.jpg;0;0;0;1;0;0;1;0;0
c289.jpg;0;0;0;1;0;0;1;0;0
c290.jpg;0;0;0;1;0;0;1;0;0
c291.jpg;0;0;0;1;0;0;1;0;0
c292.jpg;0;0;0;1;0;0;1;0;0
c293.jpg;0;0;0;1;0;0;1;0;0
c294.jpg;0;0;0;1;0;0;1;0;0
c295.jpg;0;0;0;1;0;0;1;0;0
c296.jpg;0;0;0;1;0;0;1;0;0
c297.jpg;0;0;0;1;0;0;1;0;0
c298.jpg;0;0;0;1;0;0;1;0;0
c299.jpg;0;0;0;1;0;0;1;0;0
c300.jpg;0;0;0;1;0;0;1;0;0
c301.jpg;0;0;0;1;0;0;1;0;0
c302.jpg;0;0;0;1;0;0;0;1;0
c303.jpg;0;0;0;1;0;0;0;1;0
c304.jpg;0;0;0;1;0;0;0;1;0
c305.jpg;0;0;0;1;0;0;0;1;0
c306.jpg;0;0;0;1;0;0;1;0;0
c307.jpg;0;0;0;1;0;0;0;1;0
c308.jpg;0;0;0;1;0;0;0;1;0
c309.jpg;0;0;0;1;0;0;0;1;0
c310.jpg;0;0;0;1;0;0;0;1;0
c311.jpg;0;0;0;1;0;0;1;0;0
c312.jpg;0;0;0;1;0;0;1;0;0
c313.jpg;0;0;0;1;0;0;1;0;0
c314.jpg;0;0;0;1;0;0;1;0;0
c315.jpg;0;0;0;1;0;0;1;0;0
c316.jpg;0;0;0;1;0;0;1;0;0
c317.jpg;0;0;0;1;0;0;0;0;1
c318.jpg;0;0;0;1;0;0;0;0;1
c319.jpg;0;0;0;1;0;0;0;0;1
c320.jpg;0;0;0;1;0;0;0;0;1
c321.jpg;0;0;0;1;0;0;0;0;1
c322.jpg;0;0;0;1;0;0;0;0;1
c323.jpg;0;0;0;1;0;0;0;0;1
c324.jpg;0;0;0;1;0;0;0;0;1
c325.jpg;0;0;0;1;0;0;0;0;1
c326.jpg;0;0;0;1;0;0;0;0;1
c327.jpg;0;0;0;1;0;0;0;0;1
c328.jpg;0;0;0;1;0;0;0;0;1
c329.jpg;0;0;0;1;0;0;0;0;1
c330.jpg;0;0;0;1;0;0;0;0;1
c331.jpg;0;0;0;1;0;0;0;0;1
c332.jpg;0;0;0;1;0;0;0;0;1
c333.jpg;0;0;0;1;0;0;0;0;1
c334.jpg;0;0;0;1;0;0;0;0;1
c335.jpg;0;0;0;1;0;0;0;0;1
c336.jpg;0;0;0;1;0;0;0;0;1
c337.jpg;0;0;0;1;0;0;0;0;1
c338.jpg;0;0;0;1;0;0;0;0;1
c339.jpg;0;0;0;1;0;0;0;0;1
c340.jpg;0;0;0;1;0;0;0;0;1
c341.jpg;0;0;0;1;0;0;0;0;1
c342.jpg;0;0;0;1;0;0;0;0;1
c343.jpg;0;0;0;1;0;0;0;0;1
c344.jpg;0;0;0;1;0;0;0;0;1
c345.jpg;0;0;0;1;0;0;0;0;1
c346.jpg;0;0;0;1;0;0;0;0;1
c347.jpg;0;0;0;1;0;0;0;0;1
c348.jpg;0;0;0;1;0;0;0;0;1
c349.jpg;0;0;0;1;0;0;0;0;1
c350.jpg;0;0;0;1;0;0;0;0;1
c351.jpg;0;0;0;1;0;0;0;0;1
c352.jpg;0;0;0;1;0;0;0;0;1
c353.jpg;0;0;0;1;0;0;0;0;1
c354.jpg;0;0;0;1;0;0;0;0;1
c355.jpg;0;0;0;1;0;0;0;0;1
c356.jpg;0;0;0;1;0;0;0;0;1
c357.jpg;0;0;0;1;0;0;0;0;1
c358.jpg;0;0;0;1;0;0;0;0;1
c359.jpg;0;0;0;1;0;0;0;0;1
c360.jpg;0;0;0;1;0;0;0;0;1
c361.jpg;0;0;0;1;0;0;0;0;1
c362.jpg;0;0;0;1;0;0;0;0;1
c363.jpg;0;0;0;1;0;0;0;0;1
c364.jpg;0;0;0;1;0;0;0;0;1
c365.jpg;0;0;0;1;0;0;0;0;1
c366.jpg;0;0;0;1;0;0;0;0;1
c367.jpg;0;0;0;1;0;0;0;0;1
c368.jpg;0;0;0;1;0;0;0;0;1
c369.jpg;0;0;0;1;0;0;0;0;1
c370.jpg;0;0;0;1;0;0;0;0;1
c371.jpg;0;0;0;1;0;0;0;0;1
c372.jpg;0;0;0;1;0;0;0;0;1
c373.jpg;0;0;0;1;0;0;0;0;1
c374.jpg;0;0;0;1;0;0;0;0;1
c375.jpg;0;0;0;1;0;0;0;0;1
c376.jpg;0;0;0;1;0;0;0;0;1
c377.jpg;0;0;0;1;0;0;0;0;1
c378.jpg;0;0;0;1;0;0;0;0;1
c379.jpg;0;0;0;1;0;0;0;0;1
c380.jpg;0;0;0;1;0;0;0;0;1
c381.jpg;0;0;0;1;0;0;0;0;1
c382.jpg;0;0;0;1;0;0;0;0;1
c383.jpg;0;0;0;1;0;0;0;0;1
c384.jpg;0;0;0;1;0;0;0;0;1
c385.jpg;0;0;0;1;0;0;0;1;0
c386.jpg;0;0;0;1;0;0;0;1;0
c387.jpg;0;0;0;1;0;0;0;1;0
c388.jpg;0;0;0;1;0;0;0;1;0
c389.jpg;0;0;0;1;0;0;0;1;0
c390.jpg;0;0;0;1;0;0;0;1;0
c391.jpg;0;0;0;1;0;0;0;1;0
c392.jpg;0;0;0;1;0;0;0;1;0
c393.jpg;0;0;0;1;0;0;0;1;0
c394.jpg;0;0;0;1;0;0;0;0;1
c395.jpg;0;0;0;1;0;0;0;1;0
c396.jpg;0;0;0;1;0;0;0;1;0
c397.jpg;0;0;0;1;0;0;0;1;0
c398.jpg;0;0;0;1;0;0;0;0;1
c399.jpg;0;0;0;1;0;0;0;0;1
c400.jpg;0;0;0;1;0;0;0;0;1
ce1.jpg;0;0;1;0;0;0;0;1;0
ce2.jpg;0;0;1;0;0;0;0;1;0
ce3.jpg;0;0;1;0;0;0;0;1;0
ce4.jpg;0;0;1;0;0;0;1;0;0
ce5.jpg;0;0;1;0;0;0;1;0;0
ce6.jpg;0;0;1;0;0;0;0;0;1
ce7.jpg;0;0;1;0;0;0;0;0;1
ce8.jpg;0;0;1;0;0;0;0;0;1
ce9.jpg;0;0;1;0;0;0;0;1;0
ce10.jpg;0;0;1;0;0;0;0;1;0
ce11.jpg;0;0;1;0;0;0;0;1;0
ce12.jpg;0;0;1;0;0;0;0;1;0
ce13.jpg;0;0;1;0;0;0;0;1;0
ce14.jpg;0;0;1;0;0;0;0;1;0
ce15.jpg;0;0;1;0;0;0;0;1;0
ce16.jpg;0;0;1;0;0;0;0;1;0
ce17.jpg;0;0;1;0;0;0;0;1;0
ce18.jpg;0;0;1;0;0;0;0;1;0
ce19.jpg;0;0;1;0;0;0;0;1;0
ce20.jpg;0;0;1;0;0;0;0;1;0
ce21.jpg;0;0;1;0;0;0;0;1;0
ce22.jpg;0;0;1;0;0;0;1;0;0
ce23.jpg;0;0;1;0;0;0;1;0;0
ce24.jpg;0;0;1;0;0;0;0;0;1
ce25.jpg;0;0;1;0;0;0;0;1;0
ce26.jpg;0;0;1;0;0;0;0;1;0
ce27.jpg;0;0;1;0;0;0;0;1;0
ce28.jpg;0;0;1;0;0;0;0;0;1
ce29.jpg;0;0;1;0;0;0;0;1;0
ce30.jpg;0;0;1;0;0;0;0;1;0
ce31.jpg;0;0;1;0;0;0;0;1;0
ce32.jpg;0;0;1;0;0;0;0;1;0
ce33.jpg;0;0;1;0;0;0;0;1;0
ce34.jpg;0;0;1;0;0;0;0;0;1
ce35.jpg;0;0;1;0;0;0;0;0;1
ce36.jpg;0;0;1;0;0;0;0;0;1
ce37.jpg;0;0;1;0;0;0;0;1;0
ce38.jpg;0;0;1;0;0;0;0;1;0
ce39.jpg;0;0;1;0;0;0;0;0;1
ce40.jpg;0;0;1;0;0;0;0;0;1
ce41.jpg;0;0;1;0;0;0;1;0;0
ce42.jpg;0;0;1;0;0;0;1;0;0
ce43.jpg;0;0;1;0;0;0;0;1;0
ce44.jpg;0;0;1;0;0;0;0;1;0
ce45.jpg;0;0;1;0;0;0;0;1;0
ce46.jpg;0;0;1;0;0;0;0;1;0
ce47.jpg;0;0;1;0;0;0;0;1;0
ce48.jpg;0;0;1;0;0;0;0;1;0
ce49.jpg;0;0;1;0;0;0;1;0;0
ce50.jpg;0;0;1;0;0;0;0;1;0
ce51.jpg;0;0;1;0;0;0;1;0;0
ce52.jpg;0;0;1;0;0;0;1;0;0
ce53.jpg;0;0;1;0;0;0;1;0;0
ce54.jpg;0;0;1;0;0;0;1;0;0
ce55.jpg;0;0;1;0;0;0;1;0;0
ce56.jpg;0;0;1;0;0;0;1;0;0
ce57.jpg;0;0;1;0;0;0;1;0;0
ce58.jpg;0;0;1;0;0;0;1;0;0
ce59.jpg;0;0;1;0;0;0;1;0;0
ce60.jpg;0;0;1;0;0;0;1;0;0
ce61.jpg;0;0;1;0;0;0;1;0;0
ce62.jpg;0;0;1;0;0;0;1;0;0
ce63.jpg;0;0;1;0;0;0;1;0;0
ce64.jpg;0;0;1;0;0;0;1;0;0
ce65.jpg;0;0;1;0;0;0;1;0;0
ce66.jpg;0;0;1;0;0;0;1;0;0
ce67.jpg;0;0;1;0;0;0;1;0;0
ce68.jpg;0;0;1;0;0;0;1;0;0
ce69.jpg;0;0;1;0;0;0;1;0;0
ce70.jpg;0;0;1;0;0;0;1;0;0
ce71.jpg;0;0;1;0;0;0;1;0;0
ce72.jpg;0;0;1;0;0;0;1;0;0
ce73.jpg;0;0;1;0;0;0;1;0;0
ce74.jpg;0;0;1;0;0;0;0;0;1
ce75.jpg;0;0;1;0;0;0;0;0;1
ce76.jpg;0;0;1;0;0;0;0;0;1
ce77.jpg;0;0;1;0;0;0;0;0;1
ce78.jpg;0;0;1;0;0;0;0;0;1
ce79.jpg;0;0;1;0;0;0;1;0;0
ce80.jpg;0;0;1;0;0;0;0;1;0
ce81.jpg;0;0;1;0;0;0;0;0;1
ce82.jpg;0;0;1;0;0;0;0;0;1
ce83.jpg;0;0;1;0;0;0;0;0;1
ce84.jpg;0;0;1;0;0;0;0;0;1
ce85.jpg;0;0;1;0;0;0;0;0;1
ce86.jpg;0;0;1;0;0;0;0;0;1
ce87.jpg;0;0;1;0;0;0;0;0;1
ce88.jpg;0;0;1;0;0;0;0;1;0
ce89.jpg;0;0;1;0;0;0;0;1;0
ce90.jpg;0;0;1;0;0;0;0;1;0
ce91.jpg;0;0;1;0;0;0;0;1;0
ce92.jpg;0;0;1;0;0;0;0;1;0
ce93.jpg;0;0;1;0;0;0;0;1;0
ce94.jpg;0;0;1;0;0;0;0;1;0
ce95.jpg;0;0;1;0;0;0;0;1;0
ce96.jpg;0;0;1;0;0;0;1;0;0
ce97.jpg;0;0;1;0;0;0;0;0;1
ce98.jpg;0;0;1;0;0;0;0;0;1
ce99.jpg;0;0;1;0;0;0;0;0;1
ce100.jpg;0;0;1;0;0;0;1;0;0
ce101.jpg;0;0;1;0;0;0;1;0;0
ce102.jpg;0;0;1;0;0;0;1;0;0
ce103.jpg;0;0;1;0;0;0;1;0;0
ce104.jpg;0;0;1;0;0;0;1;0;0
ce105.jpg;0;0;1;0;0;0;1;0;0
ce106.jpg;0;0;1;0;0;0;1;0;0
ce107.jpg;0;0;1;0;0;0;1;0;0
ce108.jpg;0;0;1;0;0;0;1;0;0
ce109.jpg;0;0;1;0;0;0;1;0;0
ce110.jpg;0;0;1;0;0;0;1;0;0
ce111.jpg;0;0;1;0;0;0;1;0;0
ce112.jpg;0;0;1;0;0;0;0;0;1
ce113.jpg;0;0;1;0;0;0;0;0;1
ce114.jpg;0;0;1;0;0;0;0;0;1
ce115.jpg;0;0;1;0;0;0;0;0;1
ce116.jpg;0;0;1;0;0;0;0;0;1
ce117.jpg;0;0;1;0;0;0;0;0;1
ce118.jpg;0;0;1;0;0;0;1;0;0
ce119.jpg;0;0;1;0;0;0;1;0;0
ce120.jpg;0;0;1;0;0;0;1;0;0
ce121.jpg;0;0;1;0;0;0;1;0;0
ce122.jpg;0;0;1;0;0;0;1;0;0
ce123.jpg;0;0;1;0;0;0;1;0;0
ce124.jpg;0;0;1;0;0;0;1;0;0
ce125.jpg;0;0;1;0;0;0;1;0;0
ce126.jpg;0;0;1;0;0;0;1;0;0
ce127.jpg;0;0;1;0;0;0;1;0;0
ce128.jpg;0;0;1;0;0;0;1;0;0
ce129.jpg;0;0;1;0;0;0;1;0;0
ce130.jpg;0;0;1;0;0;0;1;0;0
ce131.jpg;0;0;1;0;0;0;1;0;0
ce132.jpg;0;0;1;0;0;0;1;0;0
ce133.jpg;0;0;1;0;0;0;1;0;0
ce134.jpg;0;0;1;0;0;0;1;0;0
ce135.jpg;0;0;1;0;0;0;1;0;0
ce136.jpg;0;0;1;0;0;0;1;0;0
ce137.jpg;0;0;1;0;0;0;1;0;0
ce138.jpg;0;0;1;0;0;0;1;0;0
ce139.jpg;0;0;1;0;0;0;1;0;0
ce140.jpg;0;0;1;0;0;0;1;0;0
ce141.jpg;0;0;1;0;0;0;0;0;1
ce142.jpg;0;0;1;0;0;0;0;0;1
ce143.jpg;0;0;1;0;0;0;0;0;1
ce144.jpg;0;0;1;0;0;0;0;0;1
ce145.jpg;0;0;1;0;0;0;0;0;1
ce146.jpg;0;0;1;0;0;0;0;0;1
ce147.jpg;0;0;1;0;0;0;0;0;1
ce148.jpg;0;0;1;0;0;0;0;0;1
ce149.jpg;0;0;1;0;0;0;0;0;1
ce150.jpg;0;0;1;0;0;0;0;0;1
ce151.jpg;0;0;1;0;0;0;0;0;1
ce152.jpg;0;0;1;0;0;0;0;0;1
ce153.jpg;0;0;1;0;0;0;1;0;0
ce154.jpg;0;0;1;0;0;0;1;0;0
ce155.jpg;0;0;1;0;0;0;1;0;0
ce156.jpg;0;0;1;0;0;0;1;0;0
ce157.jpg;0;0;1;0;0;0;1;0;0
ce158.jpg;0;0;1;0;0;0;1;0;0
ce159.jpg;0;0;1;0;0;0;1;0;0
ce160.jpg;0;0;1;0;0;0;1;0;0
ce161.jpg;0;0;1;0;0;0;0;0;1
ce162.jpg;0;0;1;0;0;0;0;0;1
ce163.jpg;0;0;1;0;0;0;0;0;1
ce164.jpg;0;0;1;0;0;0;0;0;1
ce165.jpg;0;0;1;0;0;0;0;0;1
ce166.jpg;0;0;1;0;0;0;0;0;1
ce167.jpg;0;0;1;0;0;0;0;0;1
ce168.jpg;0;0;1;0;0;0;0;0;1
ce169.jpg;0;0;1;0;0;0;0;0;1
ce170.jpg;0;0;1;0;0;0;0;0;1
ce171.jpg;0;0;1;0;0;0;0;1;0
ce172.jpg;0;0;1;0;0;0;0;1;0
ce173.jpg;0;0;1;0;0;0;0;1;0
ce174.jpg;0;0;1;0;0;0;0;1;0
ce175.jpg;0;0;1;0;0;0;0;1;0
ce176.jpg;0;0;1;0;0;0;0;1;0
ce177.jpg;0;0;1;0;0;0;0;1;0
ce178.jpg;0;0;1;0;0;0;1;0;0
ce179.jpg;0;0;1;0;0;0;1;0;0
ce180.jpg;0;0;1;0;0;0;1;0;0
ce181.jpg;0;0;1;0;0;0;1;0;0
ce182.jpg;0;0;1;0;0;0;1;0;0
ce183.jpg;0;0;1;0;0;0;1;0;0
ce184.jpg;0;0;1;0;0;0;1;0;0
ce185.jpg;0;0;1;0;0;0;1;0;0
ce186.jpg;0;0;1;0;0;0;0;1;0
ce187.jpg;0;0;1;0;0;0;0;1;0
ce188.jpg;0;0;1;0;0;0;0;1;0
ce189.jpg;0;0;1;0;0;0;0;1;0
ce190.jpg;0;0;1;0;0;0;0;1;0
ce191.jpg;0;0;1;0;0;0;1;0;0
ce192.jpg;0;0;1;0;0;0;1;0;0
ce193.jpg;0;0;1;0;0;0;1;0;0
ce194.jpg;0;0;1;0;0;0;1;0;0
ce195.jpg;0;0;1;0;0;0;1;0;0
ce196.jpg;0;0;1;0;0;0;1;0;0
ce197.jpg;0;0;1;0;0;0;1;0;0
ce198.jpg;0;0;1;0;0;0;1;0;0
ce199.jpg;0;0;1;0;0;0;1;0;0
ce200.jpg;0;0;1;0;0;0;1;0;0
ce201.jpg;0;0;1;0;0;0;0;1;0
ce202.jpg;0;0;1;0;0;0;0;1;0
ce203.jpg;0;0;1;0;0;0;0;1;0
ce204.jpg;0;0;1;0;0;0;0;1;0
ce205.jpg;0;0;1;0;0;0;0;1;0
ce206.jpg;0;0;1;0;0;0;0;1;0
ce207.jpg;0;0;1;0;0;0;0;1;0
ce208.jpg;0;0;1;0;0;0;0;1;0
ce209.jpg;0;0;1;0;0;0;1;0;0
ce210.jpg;0;0;1;0;0;0;1;0;0
ce211.jpg;0;0;1;0;0;0;1;0;0
ce212.jpg;0;0;1;0;0;0;1;0;0
ce213.jpg;0;0;1;0;0;0;1;0;0
ce214.jpg;0;0;1;0;0;0;1;0;0
ce215.jpg;0;0;1;0;0;0;1;0;0
ce216.jpg;0;0;1;0;0;0;1;0;0
ce217.jpg;0;0;1;0;0;0;1;0;0
ce218.jpg;0;0;1;0;0;0;1;0;0
ce219.jpg;0;0;1;0;0;0;1;0;0
ce220.jpg;0;0;1;0;0;0;1;0;0
ce221.jpg;0;0;1;0;0;0;1;0;0
ce222.jpg;0;0;1;0;0;0;1;0;0
ce223.jpg;0;0;1;0;0;0;1;0;0
ce224.jpg;0;0;1;0;0;0;1;0;0
ce225.jpg;0;0;1;0;0;0;1;0;0
ce226.jpg;0;0;1;0;0;0;1;0;0
ce227.jpg;0;0;1;0;0;0;1;0;0
ce228.jpg;0;0;1;0;0;0;1;0;0
ce229.jpg;0;0;1;0;0;0;0;1;0
ce230.jpg;0;0;1;0;0;0;0;1;0
ce231.jpg;0;0;1;0;0;0;0;1;0
ce232.jpg;0;0;1;0;0;0;0;1;0
ce233.jpg;0;0;1;0;0;0;0;1;0
ce234.jpg;0;0;1;0;0;0;0;1;0
ce235.jpg;0;0;1;0;0;0;0;1;0
ce236.jpg;0;0;1;0;0;0;0;0;1
ce237.jpg;0;0;1;0;0;0;0;0;1
ce238.jpg;0;0;1;0;0;0;0;0;1
ce239.jpg;0;0;1;0;0;0;0;0;1
ce240.jpg;0;0;1;0;0;0;0;0;1
ce241.jpg;0;0;1;0;0;0;0;0;1
ce242.jpg;0;0;1;0;0;0;0;0;1
ce243.jpg;0;0;1;0;0;0;0;0;1
ce244.jpg;0;0;1;0;0;0;0;0;1
ce245.jpg;0;0;1;0;0;0;0;0;1
ce246.jpg;0;0;1;0;0;0;0;0;1
ce247.jpg;0;0;1;0;0;0;0;0;1
ce248.jpg;0;0;1;0;0;0;0;0;1
ce249.jpg;0;0;1;0;0;0;0;0;1
ce250.jpg;0;0;1;0;0;0;0;0;1
ce251.jpg;0;0;1;0;0;0;0;0;1
ce252.jpg;0;0;1;0;0;0;0;0;1
ce253.jpg;0;0;1;0;0;0;0;0;1
ce254.jpg;0;0;1;0;0;0;0;0;1
ce255.jpg;0;0;1;0;0;0;0;0;1
ce256.jpg;0;0;1;0;0;0;0;0;1
ce257.jpg;0;0;1;0;0;0;0;0;1
ce258.jpg;0;0;1;0;0;0;0;0;1
ce259.jpg;0;0;1;0;0;0;0;0;1
ce260.jpg;0;0;1;0;0;0;0;0;1
ce261.jpg;0;0;1;0;0;0;0;0;1
ce262.jpg;0;0;1;0;0;0;0;0;1
ce263.jpg;0;0;1;0;0;0;0;0;1
ce264.jpg;0;0;1;0;0;0;0;0;1
ce265.jpg;0;0;1;0;0;0;1;0;0
ce266.jpg;0;0;1;0;0;0;0;0;1
ce267.jpg;0;0;1;0;0;0;0;0;1
ce268.jpg;0;0;1;0;0;0;0;0;1
ce269.jpg;0;0;1;0;0;0;0;0;1
ce270.jpg;0;0;1;0;0;0;0;0;1
ce271.jpg;0;0;1;0;0;0;0;0;1
ce272.jpg;0;0;1;0;0;0;0;0;1
ce273.jpg;0;0;1;0;0;0;0;0;1
ce274.jpg;0;0;1;0;0;0;0;0;1
ce275.jpg;0;0;1;0;0;0;0;0;1
ce276.jpg;0;0;1;0;0;0;0;0;1
ce277.jpg;0;0;1;0;0;0;0;0;1
ce278.jpg;0;0;1;0;0;0;0;0;1
ce279.jpg;0;0;1;0;0;0;0;0;1
ce280.jpg;0;0;1;0;0;0;0;0;1
ce281.jpg;0;0;1;0;0;0;0;1;0
ce282.jpg;0;0;1;0;0;0;0;0;1
ce283.jpg;0;0;1;0;0;0;0;0;1
ce284.jpg;0;0;1;0;0;0;0;0;1
ce285.jpg;0;0;1;0;0;0;0;0;1
ce286.jpg;0;0;1;0;0;0;0;0;1
ce287.jpg;0;0;1;0;0;0;0;0;1
ce288.jpg;0;0;1;0;0;0;0;1;0
ce289.jpg;0;0;1;0;0;0;0;1;0
ce290.jpg;0;0;1;0;0;0;0;1;0
ce291.jpg;0;0;1;0;0;0;0;1;0
ce292.jpg;0;0;1;0;0;0;0;1;0
ce293.jpg;0;0;1;0;0;0;0;1;0
ce294.jpg;0;0;1;0;0;0;0;1;0
ce295.jpg;0;0;1;0;0;0;0;1;0
ce296.jpg;0;0;1;0;0;0;0;1;0
ce297.jpg;0;0;1;0;0;0;0;0;1
ce298.jpg;0;0;1;0;0;0;0;0;1
ce299.jpg;0;0;1;0;0;0;0;0;1
ce300.jpg;0;0;1;0;0;0;0;0;1
ce301.jpg;0;0;1;0;0;0;0;0;1
ce302.jpg;0;0;1;0;0;0;0;0;1
ce303.jpg;0;0;1;0;0;0;0;0;1
ce304.jpg;0;0;1;0;0;0;0;1;0
ce305.jpg;0;0;1;0;0;0;0;0;1
ce306.jpg;0;0;1;0;0;0;0;0;1
ce307.jpg;0;0;1;0;0;0;0;0;1
ce308.jpg;0;0;1;0;0;0;0;0;1
ce309.jpg;0;0;1;0;0;0;0;0;1
ce310.jpg;0;0;1;0;0;0;0;0;1
ce311.jpg;0;0;1;0;0;0;0;0;1
ce312.jpg;0;0;1;0;0;0;0;1;0
ce313.jpg;0;0;1;0;0;0;0;1;0
ce314.jpg;0;0;1;0;0;0;0;1;0
ce315.jpg;0;0;1;0;0;0;0;1;0
ce316.jpg;0;0;1;0;0;0;0;1;0
ce317.jpg;0;0;1;0;0;0;0;1;0
ce318.jpg;0;0;1;0;0;0;0;0;1
ce319.jpg;0;0;1;0;0;0;0;0;1
ce320.jpg;0;0;1;0;0;0;0;0;1
ce321.jpg;0;0;1;0;0;0;0;0;1
ce322.jpg;0;0;1;0;0;0;0;0;1
ce323.jpg;0;0;1;0;0;0;0;0;1
ce324.jpg;0;0;1;0;0;0;0;0;1
ce325.jpg;0;0;1;0;0;0;0;0;1
ce326.jpg;0;0;1;0;0;0;0;0;1
ce327.jpg;0;0;1;0;0;0;0;0;1
h1.jpg;0;1;0;0;0;1;0;0;0
h2.jpg;0;1;0;0;0;1;0;0;0
h3.jpg;0;1;0;0;0;1;0;0;0
h4.jpg;0;1;0;0;0;1;0;0;0
h5.jpg;0;1;0;0;0;1;0;0;0
h6.jpg;0;1;0;0;0;1;0;0;0
h7.jpg;0;1;0;0;0;1;0;0;0
h8.jpg;0;1;0;0;0;1;0;0;0
h9.jpg;0;1;0;0;0;1;0;0;0
h10.jpg;0;1;0;0;0;1;0;0;0
h11.jpg;0;1;0;0;0;1;0;0;0
h12.jpg;0;1;0;0;0;1;0;0;0
h13.jpg;0;1;0;0;0;1;0;0;0
h14.jpg;0;1;0;0;0;1;0;0;0
h15.jpg;0;1;0;0;0;1;0;0;0
h16.jpg;0;1;0;0;0;1;0;0;0
h17.jpg;0;1;0;0;0;1;0;0;0
h18.jpg;0;1;0;0;0;1;0;0;0
h19.jpg;0;1;0;0;0;1;0;0;0
h20.jpg;0;1;0;0;0;1;0;0;0
h21.jpg;0;1;0;0;0;1;0;0;0
h22.jpg;0;1;0;0;0;1;0;0;0
h23.jpg;0;1;0;0;0;1;0;0;0
h24.jpg;0;1;0;0;0;1;0;0;0
h25.jpg;0;1;0;0;0;1;0;0;0
h26.jpg;0;1;0;0;0;1;0;0;0
h27.jpg;0;1;0;0;0;1;0;0;0
h28.jpg;0;1;0;0;0;1;0;0;0
h29.jpg;0;1;0;0;0;1;0;0;0
h30.jpg;0;1;0;0;0;1;0;0;0
h31.jpg;0;1;0;0;0;1;0;0;0
h32.jpg;0;1;0;0;0;1;0;0;0
h33.jpg;0;1;0;0;0;1;0;0;0
h34.jpg;0;1;0;0;0;1;0;0;0
h35.jpg;0;1;0;0;0;1;0;0;0
h36.jpg;0;1;0;0;0;1;0;0;0
h37.jpg;0;1;0;0;0;1;0;0;0
h38.jpg;0;1;0;0;0;1;0;0;0
h39.jpg;0;1;0;0;0;1;0;0;0
h40.jpg;0;1;0;0;0;1;0;0;0
h41.jpg;0;1;0;0;0;1;0;0;0
h42.jpg;0;1;0;0;0;1;0;0;0
h43.jpg;0;1;0;0;0;1;0;0;0
h44.jpg;0;1;0;0;0;1;0;0;0
h45.jpg;0;1;0;0;0;1;0;0;0
h46.jpg;0;1;0;0;0;1;0;0;0
h47.jpg;0;1;0;0;0;1;0;0;0
h48.jpg;0;1;0;0;0;1;0;0;0
h49.jpg;0;1;0;0;0;1;0;0;0
h50.jpg;0;1;0;0;0;1;0;0;0
h51.jpg;0;1;0;0;0;1;0;0;0
h52.jpg;0;1;0;0;0;1;0;0;0
h53.jpg;0;1;0;0;0;1;0;0;0
h54.jpg;0;1;0;0;0;1;0;0;0
h55.jpg;0;1;0;0;0;1;0;0;0
h56.jpg;0;1;0;0;0;1;0;0;0
h57.jpg;0;1;0;0;0;1;0;0;0
h58.jpg;0;1;0;0;0;1;0;0;0
h59.jpg;0;1;0;0;0;1;0;0;0
h60.jpg;0;1;0;0;0;1;0;0;0
h61.jpg;0;1;0;0;0;1;0;0;0
h62.jpg;0;1;0;0;0;1;0;0;0
h63.jpg;0;1;0;0;0;1;0;0;0
h64.jpg;0;1;0;0;0;1;0;0;0
h65.jpg;0;1;0;0;0;1;0;0;0
h66.jpg;0;1;0;0;0;1;0;0;0
h67.jpg;0;1;0;0;0;1;0;0;0
h68.jpg;0;1;0;0;0;1;0;0;0
h69.jpg;0;1;0;0;0;1;0;0;0
h70.jpg;0;1;0;0;0;1;0;0;0
h71.jpg;0;1;0;0;0;1;0;0;0
h72.jpg;0;1;0;0;0;1;0;0;0
h73.jpg;0;1;0;0;0;1;0;0;0
h74.jpg;0;1;0;0;0;1;0;0;0
h75.jpg;0;1;0;0;0;1;0;0;0
h76.jpg;0;1;0;0;0;1;0;0;0
h77.jpg;0;1;0;0;0;1;0;0;0
h78.jpg;0;1;0;0;0;1;0;0;0
h79.jpg;0;1;0;0;0;1;0;0;0
h80.jpg;0;1;0;0;0;1;0;0;0
h81.jpg;0;1;0;0;0;1;0;0;0
h82.jpg;0;1;0;0;0;1;0;0;0
h83.jpg;0;1;0;0;0;1;0;0;0
h84.jpg;0;1;0;0;0;1;0;0;0
h85.jpg;0;1;0;0;0;1;0;0;0
h86.jpg;0;1;0;0;0;1;0;0;0
h87.jpg;0;1;0;0;0;1;0;0;0
h88.jpg;0;1;0;0;0;1;0;0;0
h89.jpg;0;1;0;0;0;1;0;0;0
h90.jpg;0;1;0;0;0;1;0;0;0
h91.jpg;0;1;0;0;0;1;0;0;0
h92.jpg;0;1;0;0;0;1;0;0;0
h93.jpg;0;1;0;0;0;1;0;0;0
h94.jpg;0;1;0;0;0;1;0;0;0
h95.jpg;0;1;0;0;0;1;0;0;0
h96.jpg;0;1;0;0;0;1;0;0;0
h97.jpg;0;1;0;0;0;1;0;0;0
h98.jpg;0;1;0;0;0;1;0;0;0
h99.jpg;0;1;0;0;0;1;0;0;0
h100.jpg;0;1;0;0;0;1;0;0;0
h101.jpg;0;1;0;0;0;1;0;0;0
h102.jpg;0;1;0;0;0;1;0;0;0
h103.jpg;0;1;0;0;0;1;0;0;0
h104.jpg;0;1;0;0;0;1;0;0;0
h105.jpg;0;1;0;0;0;1;0;0;0
h106.jpg;0;1;0;0;0;1;0;0;0
h107.jpg;0;1;0;0;0;1;0;0;0
h108.jpg;0;1;0;0;0;1;0;0;0
h109.jpg;0;1;0;0;0;1;0;0;0
h110.jpg;0;1;0;0;0;1;0;0;0
h111.jpg;0;1;0;0;0;1;0;0;0
h112.jpg;0;1;0;0;0;1;0;0;0
h113.jpg;0;1;0;0;0;1;0;0;0
h114.jpg;0;1;0;0;0;1;0;0;0
h115.jpg;0;1;0;0;0;1;0;0;0
h116.jpg;0;1;0;0;0;1;0;0;0
h117.jpg;0;1;0;0;0;1;0;0;0
h118.jpg;0;1;0;0;0;1;0;0;0
h119.jpg;0;1;0;0;0;1;0;0;0
h120.jpg;0;1;0;0;0;1;0;0;0
h121.jpg;0;1;0;0;0;1;0;0;0
h122.jpg;0;1;0;0;0;1;0;0;0
h123.jpg;0;1;0;0;0;1;0;0;0
h124.jpg;0;1;0;0;0;1;0;0;0
h125.jpg;0;1;0;0;0;1;0;0;0
h126.jpg;0;1;0;0;0;1;0;0;0
h127.jpg;0;1;0;0;0;1;0;0;0
h128.jpg;0;1;0;0;0;1;0;0;0
h129.jpg;0;1;0;0;0;1;0;0;0
h130.jpg;0;1;0;0;0;1;0;0;0
h131.jpg;0;1;0;0;0;1;0;0;0
h132.jpg;0;1;0;0;0;1;0;0;0
h133.jpg;0;1;0;0;0;1;0;0;0
h134.jpg;0;1;0;0;0;1;0;0;0
h135.jpg;0;1;0;0;0;1;0;0;0
h136.jpg;0;1;0;0;0;1;0;0;0
h137.jpg;0;1;0;0;0;1;0;0;0
h138.jpg;0;1;0;0;0;1;0;0;0
h139.jpg;0;1;0;0;0;1;0;0;0
h140.jpg;0;1;0;0;0;1;0;0;0
h141.jpg;0;1;0;0;0;1;0;0;0
h142.jpg;0;1;0;0;0;1;0;0;0
h143.jpg;0;1;0;0;0;1;0;0;0
h144.jpg;0;1;0;0;0;1;0;0;0
h145.jpg;0;1;0;0;0;1;0;0;0
h146.jpg;0;1;0;0;0;1;0;0;0
h147.jpg;0;1;0;0;0;1;0;0;0
h148.jpg;0;1;0;0;0;1;0;0;0
h149.jpg;0;1;0;0;0;1;0;0;0
h150.jpg;0;1;0;0;0;1;0;0;0
h151.jpg;0;1;0;0;0;1;0;0;0
h152.jpg;0;1;0;0;0;1;0;0;0
h153.jpg;0;1;0;0;0;1;0;0;0
h154.jpg;0;1;0;0;0;1;0;0;0
h155.jpg;0;1;0;0;0;1;0;0;0
h156.jpg;0;1;0;0;0;1;0;0;0
h157.jpg;0;1;0;0;0;1;0;0;0
h158.jpg;0;1;0;0;0;1;0;0;0
h159.jpg;0;1;0;0;0;1;0;0;0
h160.jpg;0;1;0;0;0;1;0;0;0
h161.jpg;0;1;0;0;0;1;0;0;0
h162.jpg;0;1;0;0;0;1;0;0;0
h163.jpg;0;1;0;0;0;1;0;0;0
h164.jpg;0;1;0;0;0;1;0;0;0
h165.jpg;0;1;0;0;0;1;0;0;0
h166.jpg;0;1;0;0;0;1;0;0;0
h167.jpg;0;1;0;0;0;1;0;0;0
h168.jpg;0;1;0;0;0;1;0;0;0
h169.jpg;0;1;0;0;0;1;0;0;0
h170.jpg;0;1;0;0;0;1;0;0;0
h171.jpg;0;1;0;0;0;1;0;0;0
h172.jpg;0;1;0;0;0;1;0;0;0
h173.jpg;0;1;0;0;0;1;0;0;0
h174.jpg;0;1;0;0;0;1;0;0;0
h175.jpg;0;1;0;0;0;1;0;0;0
h176.jpg;0;1;0;0;0;1;0;0;0
h177.jpg;0;1;0;0;0;1;0;0;0
h178.jpg;0;1;0;0;0;1;0;0;0
h179.jpg;0;1;0;0;0;1;0;0;0
h180.jpg;0;1;0;0;0;1;0;0;0
h181.jpg;0;1;0;0;0;1;0;0;0
h182.jpg;0;1;0;0;0;1;0;0;0
h183.jpg;0;1;0;0;0;1;0;0;0
h184.jpg;0;1;0;0;0;1;0;0;0
h185.jpg;0;1;0;0;0;1;0;0;0
h186.jpg;0;1;0;0;0;1;0;0;0
h187.jpg;0;1;0;0;0;1;0;0;0
h188.jpg;0;1;0;0;0;1;0;0;0
h189.jpg;0;1;0;0;0;1;0;0;0
h190.jpg;0;1;0;0;0;1;0;0;0
h191.jpg;0;1;0;0;0;1;0;0;0
h192.jpg;0;1;0;0;0;1;0;0;0
h193.jpg;0;1;0;0;0;1;0;0;0
h194.jpg;0;1;0;0;0;1;0;0;0
h195.jpg;0;1;0;0;0;1;0;0;0
h196.jpg;0;1;0;0;0;1;0;0;0
h197.jpg;0;1;0;0;0;1;0;0;0
h198.jpg;0;1;0;0;0;1;0;0;0
h199.jpg;0;1;0;0;0;1;0;0;0
h200.jpg;0;1;0;0;0;1;0;0;0
h201.jpg;0;1;0;0;0;1;0;0;0
h202.jpg;0;1;0;0;0;1;0;0;0
h203.jpg;0;1;0;0;0;1;0;0;0
h204.jpg;0;1;0;0;0;1;0;0;0
h205.jpg;0;1;0;0;0;1;0;0;0
h206.jpg;0;1;0;0;0;1;0;0;0
h207.jpg;0;1;0;0;0;1;0;0;0
h208.jpg;0;1;0;0;0;1;0;0;0
h209.jpg;0;1;0;0;0;1;0;0;0
h210.jpg;0;1;0;0;0;1;0;0;0
h211.jpg;0;1;0;0;0;1;0;0;0
h212.jpg;0;1;0;0;0;1;0;0;0
h213.jpg;0;1;0;0;0;1;0;0;0
h214.jpg;0;1;0;0;0;1;0;0;0
h215.jpg;0;1;0;0;0;1;0;0;0
h216.jpg;0;1;0;0;0;1;0;0;0
h217.jpg;0;1;0;0;0;1;0;0;0
h218.jpg;0;1;0;0;0;1;0;0;0
h219.jpg;0;1;0;0;0;1;0;0;0
h220.jpg;0;1;0;0;0;1;0;0;0
h221.jpg;0;1;0;0;0;1;0;0;0
h222.jpg;0;1;0;0;0;1;0;0;0
h223.jpg;0;1;0;0;0;1;0;0;0
h224.jpg;0;1;0;0;0;1;0;0;0
h225.jpg;0;1;0;0;0;1;0;0;0
h226.jpg;0;1;0;0;0;1;0;0;0
h227.jpg;0;1;0;0;0;1;0;0;0
h228.jpg;0;1;0;0;0;1;0;0;0
h229.jpg;0;1;0;0;0;1;0;0;0
h230.jpg;0;1;0;0;0;1;0;0;0
h231.jpg;0;1;0;0;0;1;0;0;0
h232.jpg;0;1;0;0;0;1;0;0;0
h233.jpg;0;1;0;0;0;1;0;0;0
h234.jpg;0;1;0;0;0;1;0;0;0
h235.jpg;0;1;0;0;0;1;0;0;0
h236.jpg;0;1;0;0;0;1;0;0;0
h237.jpg;0;1;0;0;0;1;0;0;0
h238.jpg;0;1;0;0;0;1;0;0;0
h239.jpg;0;1;0;0;0;1;0;0;0
h240.jpg;0;1;0;0;0;1;0;0;0
h241.jpg;0;1;0;0;0;1;0;0;0
h242.jpg;0;1;0;0;0;1;0;0;0
h243.jpg;0;1;0;0;0;1;0;0;0
h244.jpg;0;1;0;0;0;1;0;0;0
h245.jpg;0;1;0;0;0;1;0;0;0
h246.jpg;0;1;0;0;0;1;0;0;0
h247.jpg;0;1;0;0;0;1;0;0;0
h248.jpg;0;1;0;0;0;1;0;0;0
h249.jpg;0;1;0;0;0;1;0;0;0
h250.jpg;0;1;0;0;0;1;0;0;0
h251.jpg;0;1;0;0;0;1;0;0;0
h252.jpg;0;1;0;0;0;1;0;0;0
h253.jpg;0;1;0;0;0;1;0;0;0
h254.jpg;0;1;0;0;0;1;0;0;0
h255.jpg;0;1;0;0;0;1;0;0;0
h256.jpg;0;1;0;0;0;1;0;0;0
h257.jpg;0;1;0;0;0;1;0;0;0
h258.jpg;0;1;0;0;0;1;0;0;0
h259.jpg;0;1;0;0;0;1;0;0;0
h260.jpg;0;1;0;0;0;1;0;0;0
h261.jpg;0;1;0;0;0;1;0;0;0
h262.jpg;0;1;0;0;0;1;0;0;0
h263.jpg;0;1;0;0;0;1;0;0;0
h264.jpg;0;1;0;0;0;1;0;0;0
h265.jpg;0;1;0;0;0;1;0;0;0
h266.jpg;0;1;0;0;0;1;0;0;0
h267.jpg;0;1;0;0;0;1;0;0;0
h268.jpg;0;1;0;0;0;1;0;0;0
h269.jpg;0;1;0;0;0;1;0;0;0
h270.jpg;0;1;0;0;0;1;0;0;0
h271.jpg;0;1;0;0;0;1;0;0;0
h272.jpg;0;1;0;0;0;1;0;0;0
h273.jpg;0;1;0;0;0;1;0;0;0
h274.jpg;0;1;0;0;0;1;0;0;0
h275.jpg;0;1;0;0;0;1;0;0;0
h276.jpg;0;1;0;0;0;1;0;0;0
h277.jpg;0;1;0;0;0;1;0;0;0
h278.jpg;0;1;0;0;0;1;0;0;0
h279.jpg;0;1;0;0;0;1;0;0;0
h280.jpg;0;1;0;0;0;1;0;0;0
h281.jpg;0;1;0;0;0;1;0;0;0
h282.jpg;0;1;0;0;0;1;0;0;0
h283.jpg;0;1;0;0;0;1;0;0;0
h284.jpg;0;1;0;0;0;1;0;0;0
h285.jpg;0;1;0;0;0;1;0;0;0
h286.jpg;0;1;0;0;0;1;0;0;0
h287.jpg;0;1;0;0;0;1;0;0;0
h288.jpg;0;1;0;0;0;1;0;0;0
h289.jpg;0;1;0;0;0;1;0;0;0
h290.jpg;0;1;0;0;0;1;0;0;0
h291.jpg;0;1;0;0;0;1;0;0;0
h292.jpg;0;1;0;0;0;1;0;0;0
h293.jpg;0;1;0;0;0;1;0;0;0
h294.jpg;0;1;0;0;0;1;0;0;0
h295.jpg;0;1;0;0;0;1;0;0;0
h296.jpg;0;1;0;0;0;1;0;0;0
h297.jpg;0;1;0;0;0;1;0;0;0
h298.jpg;0;1;0;0;0;1;0;0;0
h299.jpg;0;1;0;0;0;1;0;0;0
h300.jpg;0;1;0;0;0;1;0;0;0
h301.jpg;0;1;0;0;0;1;0;0;0
h302.jpg;0;1;0;0;0;1;0;0;0
h303.jpg;0;1;0;0;0;1;0;0;0
h304.jpg;0;1;0;0;0;1;0;0;0
h305.jpg;0;1;0;0;0;1;0;0;0
h306.jpg;0;1;0;0;0;1;0;0;0
h307.jpg;0;1;0;0;0;1;0;0;0
h308.jpg;0;1;0;0;0;1;0;0;0
h309.jpg;0;1;0;0;0;1;0;0;0
h310.jpg;0;1;0;0;0;1;0;0;0
h311.jpg;0;1;0;0;0;1;0;0;0
h312.jpg;0;1;0;0;0;1;0;0;0
h313.jpg;0;1;0;0;0;1;0;0;0
h314.jpg;0;1;0;0;0;1;0;0;0
h315.jpg;0;1;0;0;0;1;0;0;0
h316.jpg;0;1;0;0;0;1;0;0;0
h317.jpg;0;1;0;0;0;1;0;0;0
h318.jpg;0;1;0;0;0;1;0;0;0
h319.jpg;0;1;0;0;0;1;0;0;0
h320.jpg;0;1;0;0;0;1;0;0;0
h321.jpg;0;1;0;0;0;1;0;0;0
h322.jpg;0;1;0;0;0;1;0;0;0
h323.jpg;0;1;0;0;0;1;0;0;0
h324.jpg;0;1;0;0;0;1;0;0;0
h325.jpg;0;1;0;0;0;1;0;0;0
h326.jpg;0;1;0;0;0;1;0;0;0
h327.jpg;0;1;0;0;0;1;0;0;0
h328.jpg;0;1;0;0;0;1;0;0;0
h329.jpg;0;1;0;0;0;1;0;0;0
h330.jpg;0;1;0;0;0;1;0;0;0
h331.jpg;0;1;0;0;0;1;0;0;0
h332.jpg;0;1;0;0;0;1;0;0;0
h333.jpg;0;1;0;0;0;1;0;0;0
h334.jpg;0;1;0;0;0;1;0;0;0
h335.jpg;0;1;0;0;0;1;0;0;0
h336.jpg;0;1;0;0;0;1;0;0;0
h337.jpg;0;1;0;0;0;1;0;0;0
h338.jpg;0;1;0;0;0;1;0;0;0
h339.jpg;0;1;0;0;0;1;0;0;0
h340.jpg;0;1;0;0;0;1;0;0;0
h341.jpg;0;1;0;0;0;1;0;0;0
h342.jpg;0;1;0;0;0;1;0;0;0
h343.jpg;0;1;0;0;0;1;0;0;0
h344.jpg;0;1;0;0;0;1;0;0;0
h345.jpg;0;1;0;0;0;1;0;0;0
h346.jpg;0;1;0;0;0;1;0;0;0
h347.jpg;0;1;0;0;0;1;0;0;0
h348.jpg;0;1;0;0;0;1;0;0;0
h349.jpg;0;1;0;0;0;1;0;0;0
h350.jpg;0;1;0;0;0;1;0;0;0
h351.jpg;0;1;0;0;0;1;0;0;0
h352.jpg;0;1;0;0;0;1;0;0;0
h353.jpg;0;1;0;0;0;1;0;0;0
h354.jpg;0;1;0;0;0;1;0;0;0
h355.jpg;0;1;0;0;0;1;0;0;0
h356.jpg;0;1;0;0;0;1;0;0;0
h357.jpg;0;1;0;0;0;1;0;0;0
h358.jpg;0;1;0;0;0;1;0;0;0
h359.jpg;0;1;0;0;0;1;0;0;0
h360.jpg;0;1;0;0;0;1;0;0;0
h361.jpg;0;1;0;0;0;1;0;0;0
h362.jpg;0;1;0;0;0;1;0;0;0
h363.jpg;0;1;0;0;0;1;0;0;0
h364.jpg;0;1;0;0;0;1;0;0;0
h365.jpg;0;1;0;0;0;1;0;0;0
h366.jpg;0;1;0;0;0;1;0;0;0
h367.jpg;0;1;0;0;0;1;0;0;0
h368.jpg;0;1;0;0;0;1;0;0;0
h369.jpg;0;1;0;0;0;1;0;0;0
h370.jpg;0;1;0;0;0;1;0;0;0
h371.jpg;0;1;0;0;0;1;0;0;0
h372.jpg;0;1;0;0;0;1;0;0;0
h373.jpg;0;1;0;0;0;1;0;0;0
h374.jpg;0;1;0;0;0;1;0;0;0
h375.jpg;0;1;0;0;0;1;0;0;0
h376.jpg;0;1;0;0;0;1;0;0;0
h377.jpg;0;1;0;0;0;1;0;0;0
h378.jpg;0;1;0;0;0;1;0;0;0
h379.jpg;0;1;0;0;0;1;0;0;0
h380.jpg;0;1;0;0;0;1;0;0;0
h381.jpg;0;1;0;0;0;1;0;0;0
h382.jpg;0;1;0;0;0;1;0;0;0
h383.jpg;0;1;0;0;0;1;0;0;0
h384.jpg;0;1;0;0;0;1;0;0;0
h385.jpg;0;1;0;0;0;1;0;0;0
h386.jpg;0;1;0;0;0;1;0;0;0
h387.jpg;0;1;0;0;0;1;0;0;0
h388.jpg;0;1;0;0;0;1;0;0;0
h389.jpg;0;1;0;0;0;1;0;0;0
h390.jpg;0;1;0;0;0;1;0;0;0
h391.jpg;0;1;0;0;0;1;0;0;0
h392.jpg;0;1;0;0;0;1;0;0;0
h393.jpg;0;1;0;0;0;1;0;0;0
h394.jpg;0;1;0;0;0;1;0;0;0
h395.jpg;0;1;0;0;0;1;0;0;0
h396.jpg;0;1;0;0;0;1;0;0;0
h397.jpg;0;1;0;0;0;1;0;0;0
h398.jpg;0;1;0;0;0;1;0;0;0
h399.jpg;0;1;0;0;0;1;0;0;0
h400.jpg;0;1;0;0;0;1;0;0;0
h401.jpg;0;1;0;0;0;1;0;0;0
h402.jpg;0;1;0;0;0;1;0;0;0
h403.jpg;0;1;0;0;0;1;0;0;0
h404.jpg;0;1;0;0;0;1;0;0;0
h405.jpg;0;1;0;0;0;1;0;0;0
h406.jpg;0;1;0;0;0;1;0;0;0
h407.jpg;0;1;0;0;0;1;0;0;0
h408.jpg;0;1;0;0;0;1;0;0;0
h409.jpg;0;1;0;0;0;1;0;0;0
h410.jpg;0;1;0;0;0;1;0;0;0
h411.jpg;0;1;0;0;0;1;0;0;0
h412.jpg;0;1;0;0;0;1;0;0;0
h413.jpg;0;1;0;0;0;1;0;0;0
h414.jpg;0;1;0;0;0;1;0;0;0
h415.jpg;0;1;0;0;0;1;0;0;0
h416.jpg;0;1;0;0;0;1;0;0;0
h417.jpg;0;1;0;0;0;1;0;0;0
h418.jpg;0;1;0;0;0;1;0;0;0
h419.jpg;0;1;0;0;0;1;0;0;0
h420.jpg;0;1;0;0;0;1;0;0;0
h421.jpg;0;1;0;0;0;1;0;0;0
h422.jpg;0;1;0;0;0;1;0;0;0
h423.jpg;0;1;0;0;0;1;0;0;0
h424.jpg;0;1;0;0;0;1;0;0;0
h425.jpg;0;1;0;0;0;1;0;0;0
h426.jpg;0;1;0;0;0;1;0;0;0
h427.jpg;0;1;0;0;0;1;0;0;0
h428.jpg;0;1;0;0;0;1;0;0;0
h429.jpg;0;1;0;0;0;1;0;0;0
h430.jpg;0;1;0;0;0;1;0;0;0
h431.jpg;0;1;0;0;0;1;0;0;0
h432.jpg;0;1;0;0;0;1;0;0;0
h433.jpg;0;1;0;0;0;1;0;0;0
h434.jpg;0;1;0;0;0;1;0;0;0
h435.jpg;0;1;0;0;0;1;0;0;0
h436.jpg;0;1;0;0;0;1;0;0;0
h437.jpg;0;1;0;0;0;1;0;0;0
h438.jpg;0;1;0;0;0;1;0;0;0
h439.jpg;0;1;0;0;0;1;0;0;0
h440.jpg;0;1;0;0;0;1;0;0;0
h441.jpg;0;1;0;0;0;1;0;0;0
h442.jpg;0;1;0;0;0;1;0;0;0
h443.jpg;0;1;0;0;0;1;0;0;0
h444.jpg;0;1;0;0;0;1;0;0;0
h445.jpg;0;1;0;0;0;1;0;0;0
h446.jpg;0;1;0;0;0;1;0;0;0
h447.jpg;0;1;0;0;0;1;0;0;0
h448.jpg;0;1;0;0;0;1;0;0;0
h449.jpg;0;1;0;0;0;1;0;0;0
h450.jpg;0;1;0;0;0;1;0;0;0
h451.jpg;0;1;0;0;0;1;0;0;0
h452.jpg;0;1;0;0;0;1;0;0;0
h453.jpg;0;1;0;0;0;1;0;0;0
h454.jpg;0;1;0;0;0;1;0;0;0
h455.jpg;0;1;0;0;0;1;0;0;0
h456.jpg;0;1;0;0;0;1;0;0;0
h457.jpg;0;1;0;0;0;1;0;0;0
h458.jpg;0;1;0;0;0;1;0;0;0
h459.jpg;0;1;0;0;0;1;0;0;0
h460.jpg;0;1;0;0;0;1;0;0;0
h461.jpg;0;1;0;0;0;1;0;0;0
h462.jpg;0;1;0;0;0;1;0;0;0
h463.jpg;0;1;0;0;0;1;0;0;0
h464.jpg;0;1;0;0;0;1;0;0;0
h465.jpg;0;1;0;0;0;1;0;0;0
h466.jpg;0;1;0;0;0;1;0;0;0
h467.jpg;0;1;0;0;0;1;0;0;0
h468.jpg;0;1;0;0;0;1;0;0;0
h469.jpg;0;1;0;0;0;1;0;0;0
h470.jpg;0;1;0;0;0;1;0;0;0
h471.jpg;0;1;0;0;0;1;0;0;0
h472.jpg;0;1;0;0;0;1;0;0;0
h473.jpg;0;1;0;0;0;1;0;0;0
h474.jpg;0;1;0;0;0;1;0;0;0
h475.jpg;0;1;0;0;0;1;0;0;0
h476.jpg;0;1;0;0;0;1;0;0;0
h477.jpg;0;1;0;0;0;1;0;0;0
h478.jpg;0;1;0;0;0;1;0;0;0
h479.jpg;0;1;0;0;0;1;0;0;0
h480.jpg;0;1;0;0;0;1;0;0;0
h481.jpg;0;1;0;0;0;1;0;0;0
h482.jpg;0;1;0;0;0;1;0;0;0
h483.jpg;0;1;0;0;0;1;0;0;0
h484.jpg;0;1;0;0;0;1;0;0;0
h485.jpg;0;1;0;0;0;1;0;0;0
h486.jpg;0;1;0;0;0;1;0;0;0
h487.jpg;0;1;0;0;0;1;0;0;0
h488.jpg;0;1;0;0;0;1;0;0;0
h489.jpg;0;1;0;0;0;1;0;0;0
h490.jpg;0;1;0;0;0;1;0;0;0
h491.jpg;0;1;0;0;0;1;0;0;0
h492.jpg;0;1;0;0;0;1;0;0;0
h493.jpg;0;1;0;0;0;1;0;0;0
h494.jpg;0;1;0;0;0;1;0;0;0
h495.jpg;0;1;0;0;0;1;0;0;0
h496.jpg;0;1;0;0;0;1;0;0;0
h497.jpg;0;1;0;0;0;1;0;0;0
h498.jpg;0;1;0;0;0;1;0;0;0
h499.jpg;0;1;0;0;0;1;0;0;0
h500.jpg;0;1;0;0;0;1;0;0;0
h501.jpg;0;1;0;0;0;1;0;0;0
h502.jpg;0;1;0;0;0;1;0;0;0
h503.jpg;0;1;0;0;0;1;0;0;0
h504.jpg;0;1;0;0;0;1;0;0;0
h505.jpg;0;1;0;0;0;1;0;0;0
h506.jpg;0;1;0;0;0;1;0;0;0
h507.jpg;0;1;0;0;0;1;0;0;0
h508.jpg;0;1;0;0;0;1;0;0;0
h509.jpg;0;1;0;0;0;1;0;0;0
h510.jpg;0;1;0;0;0;1;0;0;0
h511.jpg;0;1;0;0;0;1;0;0;0
h512.jpg;0;1;0;0;0;1;0;0;0
h513.jpg;0;1;0;0;0;1;0;0;0
h514.jpg;0;1;0;0;0;1;0;0;0
h515.jpg;0;1;0;0;0;1;0;0;0
h516.jpg;0;1;0;0;0;1;0;0;0
h517.jpg;0;1;0;0;0;1;0;0;0
h518.jpg;0;1;0;0;0;1;0;0;0
h519.jpg;0;1;0;0;0;1;0;0;0
h520.jpg;0;1;0;0;0;1;0;0;0
h521.jpg;0;1;0;0;0;1;0;0;0
h522.jpg;0;1;0;0;0;1;0;0;0
h523.jpg;0;1;0;0;0;1;0;0;0
h524.jpg;0;1;0;0;0;1;0;0;0
h525.jpg;0;1;0;0;0;1;0;0;0
h526.jpg;0;1;0;0;0;1;0;0;0
h527.jpg;0;1;0;0;0;1;0;0;0
h528.jpg;0;1;0;0;0;1;0;0;0
h529.jpg;0;1;0;0;0;1;0;0;0
h530.jpg;0;1;0;0;0;1;0;0;0
h531.jpg;0;1;0;0;0;1;0;0;0
he1.jpg;1;0;0;0;0;1;0;0;0
he2.jpg;1;0;0;0;0;1;0;0;0
he3.jpg;1;0;0;0;0;1;0;0;0
he4.jpg;1;0;0;0;0;1;0;0;0
he5.jpg;1;0;0;0;0;1;0;0;0
he6.jpg;1;0;0;0;0;1;0;0;0
he7.jpg;1;0;0;0;0;1;0;0;0
he8.jpg;1;0;0;0;0;1;0;0;0
he9.jpg;1;0;0;0;0;1;0;0;0
he10.jpg;1;0;0;0;0;1;0;0;0
he11.jpg;1;0;0;0;0;1;0;0;0
he12.jpg;1;0;0;0;0;1;0;0;0
he13.jpg;1;0;0;0;0;1;0;0;0
he14.jpg;1;0;0;0;0;1;0;0;0
he15.jpg;1;0;0;0;0;1;0;0;0
he16.jpg;1;0;0;0;0;1;0;0;0
he17.jpg;1;0;0;0;0;1;0;0;0
he18.jpg;1;0;0;0;0;1;0;0;0
he19.jpg;1;0;0;0;0;1;0;0;0
he20.jpg;1;0;0;0;0;1;0;0;0
he21.jpg;1;0;0;0;0;1;0;0;0
he22.jpg;1;0;0;0;0;1;0;0;0
he23.jpg;1;0;0;0;0;1;0;0;0
he24.jpg;1;0;0;0;0;1;0;0;0
he25.jpg;1;0;0;0;0;1;0;0;0
he26.jpg;1;0;0;0;0;1;0;0;0
he27.jpg;1;0;0;0;0;1;0;0;0
he28.jpg;1;0;0;0;0;1;0;0;0
he29.jpg;1;0;0;0;0;1;0;0;0
he30.jpg;1;0;0;0;0;1;0;0;0
he31.jpg;1;0;0;0;0;1;0;0;0
he32.jpg;1;0;0;0;0;1;0;0;0
he33.jpg;1;0;0;0;0;1;0;0;0
he34.jpg;1;0;0;0;0;1;0;0;0
he35.jpg;1;0;0;0;0;1;0;0;0
he36.jpg;1;0;0;0;0;1;0;0;0
he37.jpg;1;0;0;0;0;1;0;0;0
he38.jpg;1;0;0;0;0;1;0;0;0
he39.jpg;1;0;0;0;0;1;0;0;0
he40.jpg;1;0;0;0;0;1;0;0;0
he41.jpg;1;0;0;0;0;1;0;0;0
he42.jpg;1;0;0;0;0;1;0;0;0
he43.jpg;1;0;0;0;0;1;0;0;0
he44.jpg;1;0;0;0;0;1;0;0;0
he45.jpg;1;0;0;0;0;1;0;0;0
he46.jpg;1;0;0;0;0;1;0;0;0
he47.jpg;1;0;0;0;0;1;0;0;0
he48.jpg;1;0;0;0;0;1;0;0;0
he49.jpg;1;0;0;0;0;1;0;0;0
he50.jpg;1;0;0;0;0;1;0;0;0
he51.jpg;1;0;0;0;0;1;0;0;0
he52.jpg;1;0;0;0;0;1;0;0;0
he53.jpg;1;0;0;0;0;1;0;0;0
he54.jpg;1;0;0;0;0;1;0;0;0
he55.jpg;1;0;0;0;0;1;0;0;0
he56.jpg;1;0;0;0;0;1;0;0;0
he57.jpg;1;0;0;0;0;1;0;0;0
he58.jpg;1;0;0;0;0;1;0;0;0
he59.jpg;1;0;0;0;0;1;0;0;0
he60.jpg;1;0;0;0;0;1;0;0;0
he61.jpg;1;0;0;0;0;1;0;0;0
he62.jpg;1;0;0;0;0;1;0;0;0
he63.jpg;1;0;0;0;0;1;0;0;0
he64.jpg;1;0;0;0;0;1;0;0;0
he65.jpg;1;0;0;0;0;1;0;0;0
he66.jpg;1;0;0;0;0;1;0;0;0
he67.jpg;1;0;0;0;0;1;0;0;0
he68.jpg;1;0;0;0;0;1;0;0;0
he69.jpg;1;0;0;0;0;1;0;0;0
he70.jpg;1;0;0;0;0;1;0;0;0
he71.jpg;1;0;0;0;0;1;0;0;0
he72.jpg;1;0;0;0;0;1;0;0;0
he73.jpg;1;0;0;0;0;1;0;0;0
he74.jpg;1;0;0;0;0;1;0;0;0
he75.jpg;1;0;0;0;0;1;0;0;0
he76.jpg;1;0;0;0;0;1;0;0;0
he77.jpg;1;0;0;0;0;1;0;0;0
he78.jpg;1;0;0;0;0;1;0;0;0
he79.jpg;1;0;0;0;0;1;0;0;0
he80.jpg;1;0;0;0;0;1;0;0;0
he81.jpg;1;0;0;0;0;1;0;0;0
he82.jpg;1;0;0;0;0;1;0;0;0
he83.jpg;1;0;0;0;0;1;0;0;0
he84.jpg;1;0;0;0;0;1;0;0;0
he85.jpg;1;0;0;0;0;1;0;0;0
he86.jpg;1;0;0;0;0;1;0;0;0
he87.jpg;1;0;0;0;0;1;0;0;0
he88.jpg;1;0;0;0;0;1;0;0;0
he89.jpg;1;0;0;0;0;1;0;0;0
he90.jpg;1;0;0;0;0;1;0;0;0
he91.jpg;1;0;0;0;0;1;0;0;0
he92.jpg;1;0;0;0;0;1;0;0;0
he93.jpg;1;0;0;0;0;1;0;0;0
he94.jpg;1;0;0;0;0;1;0;0;0
he95.jpg;1;0;0;0;0;1;0;0;0
he96.jpg;1;0;0;0;0;1;0;0;0
he97.jpg;1;0;0;0;0;1;0;0;0
he98.jpg;1;0;0;0;0;1;0;0;0
he99.jpg;1;0;0;0;0;1;0;0;0
he100.jpg;1;0;0;0;0;1;0;0;0
he101.jpg;1;0;0;0;0;1;0;0;0
he102.jpg;1;0;0;0;0;1;0;0;0
he103.jpg;1;0;0;0;0;1;0;0;0
he104.jpg;1;0;0;0;0;1;0;0;0
he105.jpg;1;0;0;0;0;1;0;0;0
he106.jpg;1;0;0;0;0;1;0;0;0
he107.jpg;1;0;0;0;0;1;0;0;0
he108.jpg;1;0;0;0;0;1;0;0;0
he109.jpg;1;0;0;0;0;1;0;0;0
he110.jpg;1;0;0;0;0;1;0;0;0
he111.jpg;1;0;0;0;0;1;0;0;0
he112.jpg;1;0;0;0;0;1;0;0;0
he113.jpg;1;0;0;0;0;1;0;0;0
he114.jpg;1;0;0;0;0;1;0;0;0
he115.jpg;1;0;0;0;0;1;0;0;0
he116.jpg;1;0;0;0;0;1;0;0;0
he117.jpg;1;0;0;0;0;1;0;0;0
he118.jpg;1;0;0;0;0;1;0;0;0
he119.jpg;1;0;0;0;0;1;0;0;0
he120.jpg;1;0;0;0;0;1;0;0;0
he121.jpg;1;0;0;0;0;1;0;0;0
he122.jpg;1;0;0;0;0;1;0;0;0
he123.jpg;1;0;0;0;0;1;0;0;0
he124.jpg;1;0;0;0;0;1;0;0;0
he125.jpg;1;0;0;0;0;1;0;0;0
he126.jpg;1;0;0;0;0;1;0;0;0
he127.jpg;1;0;0;0;0;1;0;0;0
he128.jpg;1;0;0;0;0;1;0;0;0
he129.jpg;1;0;0;0;0;1;0;0;0
he130.jpg;1;0;0;0;0;1;0;0;0
he131.jpg;1;0;0;0;0;1;0;0;0
he132.jpg;1;0;0;0;0;1;0;0;0
he133.jpg;1;0;0;0;0;1;0;0;0
he134.jpg;1;0;0;0;0;1;0;0;0
he135.jpg;1;0;0;0;0;1;0;0;0
he136.jpg;1;0;0;0;0;1;0;0;0
he137.jpg;1;0;0;0;0;1;0;0;0
he138.jpg;1;0;0;0;0;1;0;0;0
he139.jpg;1;0;0;0;0;1;0;0;0
he140.jpg;1;0;0;0;0;1;0;0;0
he141.jpg;1;0;0;0;0;1;0;0;0
he142.jpg;1;0;0;0;0;1;0;0;0
he143.jpg;1;0;0;0;0;1;0;0;0
he144.jpg;1;0;0;0;0;1;0;0;0
he145.jpg;1;0;0;0;0;1;0;0;0
he146.jpg;1;0;0;0;0;1;0;0;0
he147.jpg;1;0;0;0;0;1;0;0;0
he148.jpg;1;0;0;0;0;1;0;0;0
he149.jpg;1;0;0;0;0;1;0;0;0
he150.jpg;1;0;0;0;0;1;0;0;0
he151.jpg;1;0;0;0;0;1;0;0;0
he152.jpg;1;0;0;0;0;1;0;0;0
he153.jpg;1;0;0;0;0;1;0;0;0
he154.jpg;1;0;0;0;0;1;0;0;0
he155.jpg;1;0;0;0;0;1;0;0;0
he156.jpg;1;0;0;0;0;1;0;0;0
he157.jpg;1;0;0;0;0;1;0;0;0
he158.jpg;1;0;0;0;0;1;0;0;0
he159.jpg;1;0;0;0;0;1;0;0;0
he160.jpg;1;0;0;0;0;1;0;0;0
he161.jpg;1;0;0;0;0;1;0;0;0
he162.jpg;1;0;0;0;0;1;0;0;0
he163.jpg;1;0;0;0;0;1;0;0;0
he164.jpg;1;0;0;0;0;1;0;0;0
he165.jpg;1;0;0;0;0;1;0;0;0
he166.jpg;1;0;0;0;0;1;0;0;0
he167.jpg;1;0;0;0;0;1;0;0;0
he168.jpg;1;0;0;0;0;1;0;0;0
he169.jpg;1;0;0;0;0;1;0;0;0
he170.jpg;1;0;0;0;0;1;0;0;0
he171.jpg;1;0;0;0;0;1;0;0;0
he172.jpg;1;0;0;0;0;1;0;0;0
he173.jpg;1;0;0;0;0;1;0;0;0
he174.jpg;1;0;0;0;0;1;0;0;0
he175.jpg;1;0;0;0;0;1;0;0;0
he176.jpg;1;0;0;0;0;1;0;0;0
he177.jpg;1;0;0;0;0;1;0;0;0
he178.jpg;1;0;0;0;0;1;0;0;0
he179.jpg;1;0;0;0;0;1;0;0;0
n1.jpg;0;0;0;0;1;0;0;1;0
n2.jpg;0;0;0;0;1;0;0;1;0
n3.jpg;0;0;0;0;1;0;0;1;0
n4.jpg;0;0;0;0;1;0;0;1;0
n5.jpg;0;0;0;0;1;0;0;1;0
n6.jpg;0;0;0;0;1;0;0;1;0
n7.jpg;0;0;0;0;1;0;0;1;0
n8.jpg;0;0;0;0;1;0;0;1;0
n9.jpg;0;0;0;0;1;0;0;0;1
n10.jpg;0;0;0;0;1;0;0;1;0
n11.jpg;0;0;0;0;1;0;0;0;1
n12.jpg;0;0;0;0;1;0;0;1;0
n13.jpg;0;0;0;0;1;0;0;0;1
n14.jpg;0;0;0;0;1;0;0;0;1
n15.jpg;0;0;0;0;1;0;0;1;0
n16.jpg;0;0;0;0;1;0;0;0;1
n17.jpg;0;0;0;0;1;0;0;1;0
n18.jpg;0;0;0;0;1;0;0;0;1
n19.jpg;0;0;0;0;1;0;0;1;0
n20.jpg;0;0;0;0;1;0;0;1;0
n21.jpg;0;0;0;0;1;0;0;1;0
n22.jpg;0;0;0;0;1;0;0;1;0
n23.jpg;0;0;0;0;1;0;0;1;0
n24.jpg;0;0;0;0;1;0;0;1;0
n25.jpg;0;0;0;0;1;0;0;1;0
n26.jpg;0;0;0;0;1;0;0;1;0
n27.jpg;0;0;0;0;1;0;0;1;0
n28.jpg;0;0;0;0;1;0;0;1;0
n29.jpg;0;0;0;0;1;0;0;1;0
n30.jpg;0;0;0;0;1;0;0;1;0
n31.jpg;0;0;0;0;1;0;0;1;0
n32.jpg;0;0;0;0;1;0;0;1;0
n33.jpg;0;0;0;0;1;0;0;1;0
n34.jpg;0;0;0;0;1;0;0;1;0
n35.jpg;0;0;0;0;1;0;0;1;0
n36.jpg;0;0;0;0;1;0;0;1;0
n37.jpg;0;0;0;0;1;0;0;0;1
n38.jpg;0;0;0;0;1;0;0;0;1
n39.jpg;0;0;0;0;1;0;0;0;1
n40.jpg;0;0;0;0;1;0;0;0;1
n41.jpg;0;0;0;0;1;0;0;0;1
n42.jpg;0;0;0;0;1;0;1;0;0
n43.jpg;0;0;0;0;1;0;1;0;0
n44.jpg;0;0;0;0;1;0;1;0;0
n45.jpg;0;0;0;0;1;0;1;0;0
n46.jpg;0;0;0;0;1;0;1;0;0
n47.jpg;0;0;0;0;1;0;1;0;0
n48.jpg;0;0;0;0;1;0;1;0;0
n49.jpg;0;0;0;0;1;0;1;0;0
n50.jpg;0;0;0;0;1;0;1;0;0
n51.jpg;0;0;0;0;1;0;1;0;0
n52.jpg;0;0;0;0;1;0;1;0;0
n53.jpg;0;0;0;0;1;0;1;0;0
n54.jpg;0;0;0;0;1;0;0;1;0
n55.jpg;0;0;0;0;1;0;1;0;0
n56.jpg;0;0;0;0;1;0;1;0;0
n57.jpg;0;0;0;0;1;0;0;1;0
n58.jpg;0;0;0;0;1;0;0;1;0
n59.jpg;0;0;0;0;1;0;1;0;0
n60.jpg;0;0;0;0;1;0;1;0;0
n61.jpg;0;0;0;0;1;0;0;1;0
n62.jpg;0;0;0;0;1;0;1;0;0
n63.jpg;0;0;0;0;1;0;0;1;0
n64.jpg;0;0;0;0;1;0;1;0;0
n65.jpg;0;0;0;0;1;0;0;1;0
n66.jpg;0;0;0;0;1;0;1;0;0
n67.jpg;0;0;0;0;1;0;0;1;0
n68.jpg;0;0;0;0;1;0;1;0;0
n69.jpg;0;0;0;0;1;0;1;0;0
n70.jpg;0;0;0;0;1;0;0;0;1
n71.jpg;0;0;0;0;1;0;1;0;0
n72.jpg;0;0;0;0;1;0;0;0;1
n73.jpg;0;0;0;0;1;0;1;0;0
n74.jpg;0;0;0;0;1;0;0;1;0
n75.jpg;0;0;0;0;1;0;1;0;0
n76.jpg;0;0;0;0;1;0;1;0;0
n77.jpg;0;0;0;0;1;0;0;1;0
n78.jpg;0;0;0;0;1;0;1;0;0
n79.jpg;0;0;0;0;1;0;0;1;0
n80.jpg;0;0;0;0;1;0;1;0;0
n81.jpg;0;0;0;0;1;0;0;0;1
n82.jpg;0;0;0;0;1;0;1;0;0
n83.jpg;0;0;0;0;1;0;1;0;0
n84.jpg;0;0;0;0;1;0;1;0;0
n85.jpg;0;0;0;0;1;0;0;0;1
n86.jpg;0;0;0;0;1;0;0;1;0
n87.jpg;0;0;0;0;1;0;0;0;1
n88.jpg;0;0;0;0;1;0;1;0;0
n89.jpg;0;0;0;0;1;0;0;0;1
n90.jpg;0;0;0;0;1;0;0;0;1
n91.jpg;0;0;0;0;1;0;1;0;0
n92.jpg;0;0;0;0;1;0;0;0;1
n93.jpg;0;0;0;0;1;0;0;0;1
n94.jpg;0;0;0;0;1;0;1;0;0
n95.jpg;0;0;0;0;1;0;0;0;1
n96.jpg;0;0;0;0;1;0;1;0;0
n97.jpg;0;0;0;0;1;0;0;0;1
n98.jpg;0;0;0;0;1;0;1;0;0
n99.jpg;0;0;0;0;1;0;1;0;0
n100.jpg;0;0;0;0;1;0;0;0;1
n101.jpg;0;0;0;0;1;0;1;0;0
n102.jpg;0;0;0;0;1;0;0;0;1
n103.jpg;0;0;0;0;1;0;1;0;0
n104.jpg;0;0;0;0;1;0;0;0;1
n105.jpg;0;0;0;0;1;0;1;0;0
n106.jpg;0;0;0;0;1;0;0;1;0
n107.jpg;0;0;0;0;1;0;1;0;0
n108.jpg;0;0;0;0;1;0;0;0;1
n109.jpg;0;0;0;0;1;0;0;1;0
n110.jpg;0;0;0;0;1;0;0;1;0
n111.jpg;0;0;0;0;1;0;0;1;0
n112.jpg;0;0;0;0;1;0;0;1;0
n113.jpg;0;0;0;0;1;0;0;1;0
n114.jpg;0;0;0;0;1;0;0;1;0
n115.jpg;0;0;0;0;1;0;0;1;0
n116.jpg;0;0;0;0;1;0;0;0;1
n117.jpg;0;0;0;0;1;0;0;1;0
n118.jpg;0;0;0;0;1;0;0;0;1
n119.jpg;0;0;0;0;1;0;0;1;0
n120.jpg;0;0;0;0;1;0;1;0;0
n121.jpg;0;0;0;0;1;0;0;1;0
n122.jpg;0;0;0;0;1;0;1;0;0
n123.jpg;0;0;0;0;1;0;0;1;0
n124.jpg;0;0;0;0;1;0;1;0;0
n125.jpg;0;0;0;0;1;0;0;1;0
n126.jpg;0;0;0;0;1;0;1;0;0
n127.jpg;0;0;0;0;1;0;0;1;0
n128.jpg;0;0;0;0;1;0;1;0;0
n129.jpg;0;0;0;0;1;0;0;1;0
n130.jpg;0;0;0;0;1;0;0;1;0
n131.jpg;0;0;0;0;1;0;0;1;0
n132.jpg;0;0;0;0;1;0;0;1;0
n133.jpg;0;0;0;0;1;0;0;0;1
n134.jpg;0;0;0;0;1;0;0;0;1
n135.jpg;0;0;0;0;1;0;0;0;1
n136.jpg;0;0;0;0;1;0;0;0;1
n137.jpg;0;0;0;0;1;0;0;0;1
n138.jpg;0;0;0;0;1;0;0;0;1
n139.jpg;0;0;0;0;1;0;0;0;1
n140.jpg;0;0;0;0;1;0;0;0;1
n141.jpg;0;0;0;0;1;0;0;0;1
n142.jpg;0;0;0;0;1;0;0;0;1
n143.jpg;0;0;0;0;1;0;0;0;1
n144.jpg;0;0;0;0;1;0;0;0;1
n145.jpg;0;0;0;0;1;0;0;0;1
n146.jpg;0;0;0;0;1;0;0;0;1
n147.jpg;0;0;0;0;1;0;0;0;1
n148.jpg;0;0;0;0;1;0;0;0;1
n149.jpg;0;0;0;0;1;0;0;0;1
n150.jpg;0;0;0;0;1;0;0;0;1
n151.jpg;0;0;0;0;1;0;0;0;1
n152.jpg;0;0;0;0;1;0;0;0;1
n153.jpg;0;0;0;0;1;0;0;0;1
n154.jpg;0;0;0;0;1;0;0;0;1
n155.jpg;0;0;0;0;1;0;0;0;1
n156.jpg;0;0;0;0;1;0;0;0;1
n157.jpg;0;0;0;0;1;0;0;0;1
n158.jpg;0;0;0;0;1;0;0;0;1
n159.jpg;0;0;0;0;1;0;0;0;1
n160.jpg;0;0;0;0;1;0;0;0;1
n161.jpg;0;0;0;0;1;0;0;0;1
n162.jpg;0;0;0;0;1;0;0;0;1
n163.jpg;0;0;0;0;1;0;0;0;1
n164.jpg;0;0;0;0;1;0;0;1;0
n165.jpg;0;0;0;0;1;0;0;1;0
n166.jpg;0;0;0;0;1;0;0;1;0
n167.jpg;0;0;0;0;1;0;0;1;0
n168.jpg;0;0;0;0;1;0;0;1;0
n169.jpg;0;0;0;0;1;0;0;1;0
n170.jpg;0;0;0;0;1;0;0;1;0
n171.jpg;0;0;0;0;1;0;0;1;0
n172.jpg;0;0;0;0;1;0;0;1;0
n173.jpg;0;0;0;0;1;0;0;1;0
n174.jpg;0;0;0;0;1;0;0;1;0
n175.jpg;0;0;0;0;1;0;0;1;0
n176.jpg;0;0;0;0;1;0;0;1;0
n177.jpg;0;0;0;0;1;0;0;1;0
n178.jpg;0;0;0;0;1;0;0;1;0
n179.jpg;0;0;0;0;1;0;0;1;0
n180.jpg;0;0;0;0;1;0;0;1;0
n181.jpg;0;0;0;0;1;0;0;1;0
n182.jpg;0;0;0;0;1;0;0;1;0
n183.jpg;0;0;0;0;1;0;0;1;0
n184.jpg;0;0;0;0;1;0;1;0;0
n185.jpg;0;0;0;0;1;0;1;0;0
n186.jpg;0;0;0;0;1;0;1;0;0
n187.jpg;0;0;0;0;1;0;1;0;0
n188.jpg;0;0;0;0;1;0;1;0;0
n189.jpg;0;0;0;0;1;0;1;0;0
n190.jpg;0;0;0;0;1;0;1;0;0
n191.jpg;0;0;0;0;1;0;1;0;0
n192.jpg;0;0;0;0;1;0;1;0;0
n193.jpg;0;0;0;0;1;0;1;0;0
n194.jpg;0;0;0;0;1;0;1;0;0
n195.jpg;0;0;0;0;1;0;1;0;0
n196.jpg;0;0;0;0;1;0;1;0;0
n197.jpg;0;0;0;0;1;0;1;0;0
n198.jpg;0;0;0;0;1;0;0;1;0
n199.jpg;0;0;0;0;1;0;0;1;0
n200.jpg;0;0;0;0;1;0;0;1;0
n201.jpg;0;0;0;0;1;0;0;1;0
n202.jpg;0;0;0;0;1;0;0;1;0
n203.jpg;0;0;0;0;1;0;0;1;0
n204.jpg;0;0;0;0;1;0;0;1;0
n205.jpg;0;0;0;0;1;0;0;1;0
n206.jpg;0;0;0;0;1;0;0;0;1
n207.jpg;0;0;0;0;1;0;0;0;1
n208.jpg;0;0;0;0;1;0;0;0;1
n209.jpg;0;0;0;0;1;0;0;0;1
n210.jpg;0;0;0;0;1;0;0;1;0
n211.jpg;0;0;0;0;1;0;0;1;0
n212.jpg;0;0;0;0;1;0;0;1;0
n213.jpg;0;0;0;0;1;0;0;1;0
n214.jpg;0;0;0;0;1;0;0;1;0
n215.jpg;0;0;0;0;1;0;0;1;0
n216.jpg;0;0;0;0;1;0;0;1;0
n217.jpg;0;0;0;0;1;0;0;1;0
n218.jpg;0;0;0;0;1;0;0;1;0
n219.jpg;0;0;0;0;1;0;0;1;0
n220.jpg;0;0;0;0;1;0;0;1;0
n221.jpg;0;0;0;0;1;0;0;1;0
n222.jpg;0;0;0;0;1;0;1;0;0
n223.jpg;0;0;0;0;1;0;1;0;0
n224.jpg;0;0;0;0;1;0;1;0;0
n225.jpg;0;0;0;0;1;0;1;0;0
n226.jpg;0;0;0;0;1;0;1;0;0
n227.jpg;0;0;0;0;1;0;1;0;0
n228.jpg;0;0;0;0;1;0;1;0;0
n229.jpg;0;0;0;0;1;0;0;1;0
n230.jpg;0;0;0;0;1;0;1;0;0
n231.jpg;0;0;0;0;1;0;1;0;0
n232.jpg;0;0;0;0;1;0;1;0;0
n233.jpg;0;0;0;0;1;0;1;0;0
n234.jpg;0;0;0;0;1;0;1;0;0
n235.jpg;0;0;0;0;1;0;1;0;0
n236.jpg;0;0;0;0;1;0;1;0;0
n237.jpg;0;0;0;0;1;0;1;0;0
n238.jpg;0;0;0;0;1;0;1;0;0
n239.jpg;0;0;0;0;1;0;1;0;0
n240.jpg;0;0;0;0;1;0;1;0;0
n241.jpg;0;0;0;0;1;0;1;0;0
n242.jpg;0;0;0;0;1;0;1;0;0
n243.jpg;0;0;0;0;1;0;1;0;0
n244.jpg;0;0;0;0;1;0;1;0;0
n245.jpg;0;0;0;0;1;0;1;0;0
n246.jpg;0;0;0;0;1;0;1;0;0
n247.jpg;0;0;0;0;1;0;1;0;0
n248.jpg;0;0;0;0;1;0;1;0;0
n249.jpg;0;0;0;0;1;0;1;0;0
n250.jpg;0;0;0;0;1;0;1;0;0
n251.jpg;0;0;0;0;1;0;1;0;0
n252.jpg;0;0;0;0;1;0;1;0;0
n253.jpg;0;0;0;0;1;0;1;0;0
n254.jpg;0;0;0;0;1;0;0;1;0
n255.jpg;0;0;0;0;1;0;0;1;0
n256.jpg;0;0;0;0;1;0;0;1;0
n257.jpg;0;0;0;0;1;0;0;1;0
n258.jpg;0;0;0;0;1;0;1;0;0
n259.jpg;0;0;0;0;1;0;1;0;0
n260.jpg;0;0;0;0;1;0;1;0;0
n261.jpg;0;0;0;0;1;0;1;0;0
n262.jpg;0;0;0;0;1;0;0;0;1
n263.jpg;0;0;0;0;1;0;0;0;1
n264.jpg;0;0;0;0;1;0;0;0;1
n265.jpg;0;0;0;0;1;0;0;0;1
n266.jpg;0;0;0;0;1;0;1;0;0
n267.jpg;0;0;0;0;1;0;1;0;0
n268.jpg;0;0;0;0;1;0;1;0;0
n269.jpg;0;0;0;0;1;0;1;0;0
n270.jpg;0;0;0;0;1;0;0;0;1
n271.jpg;0;0;0;0;1;0;0;0;1
n272.jpg;0;0;0;0;1;0;0;0;1
n273.jpg;0;0;0;0;1;0;0;0;1
n274.jpg;0;0;0;0;1;0;0;0;1
n275.jpg;0;0;0;0;1;0;0;0;1
n276.jpg;0;0;0;0;1;0;0;0;1
n277.jpg;0;0;0;0;1;0;0;0;1
n278.jpg;0;0;0;0;1;0;0;0;1
n279.jpg;0;0;0;0;1;0;0;0;1
n280.jpg;0;0;0;0;1;0;0;0;1
n281.jpg;0;0;0;0;1;0;0;0;1
n282.jpg;0;0;0;0;1;0;0;0;1
n283.jpg;0;0;0;0;1;0;0;0;1
n284.jpg;0;0;0;0;1;0;1;0;0
n285.jpg;0;0;0;0;1;0;1;0;0
n286.jpg;0;0;0;0;1;0;1;0;0
n287.jpg;0;0;0;0;1;0;1;0;0
n288.jpg;0;0;0;0;1;0;1;0;0
n289.jpg;0;0;0;0;1;0;1;0;0
n290.jpg;0;0;0;0;1;0;1;0;0
n291.jpg;0;0;0;0;1;0;1;0;0
n292.jpg;0;0;0;0;1;0;1;0;0
n293.jpg;0;0;0;0;1;0;1;0;0
n294.jpg;0;0;0;0;1;0;1;0;0
n295.jpg;0;0;0;0;1;0;1;0;0
n296.jpg;0;0;0;0;1;0;1;0;0
n297.jpg;0;0;0;0;1;0;0;1;0
n298.jpg;0;0;0;0;1;0;0;1;0
n299.jpg;0;0;0;0;1;0;0;1;0
n300.jpg;0;0;0;0;1;0;0;1;0
